
-- shoppingbag, calendar,  product_order, no_passbook,  color, untitled, order, payment_info, point
-- MEMBER, REVIEW, BRAND, PRODUCT, QNA, NOTICE, PERSONAL_QNA, GRADE   8개 TABLE INSERT완료.
-- Q&A -> QNA로 수정완료

DROP TABLE "QNA";
DROP TABLE "SHOPPINGBAG";
DROP TABLE "CALENDAR";
DROP TABLE "REVIEW";
DROP TABLE "SHIPPING";
DROP TABLE "NOTICE";
DROP TABLE "GRADE";

DROP TABLE "PRODUCT_ORDER";
DROP TABLE "NO_PASSBOOK";
DROP TABLE "PERSONAL_QNA";
DROP TABLE "COLOR";
DROP TABLE "UNTITLED";

DROP TABLE "MEMBER";
DROP TABLE "ORDER";
DROP TABLE "PAYMENT_INFO";
DROP TABLE "PRODUCT";
DROP TABLE "BRAND";
DROP TABLE "POINT";


CREATE TABLE "MEMBER" (
	"M_NO"	NVARCHAR2(50)		NOT NULL,
	"M_ID"	NVARCHAR2(50)		NULL,
	"M_PWD"	NVARCHAR2(50)		NULL,
	"M_NAME"	NVARCHAR2(50)		NULL,
	"B_DAY"	DATE		NULL,
	"M_EMAIL"	NVARCHAR2(50)		NULL,
	"JOIN_DATE"	DATE		NULL,
	"REFERENCE"	NVARCHAR2(50)		NULL,
	"GRADE_CODE"	NVARCHAR2(50)		NOT NULL,
	"ALARM_YN"	NVARCHAR2(10)		NULL,
	"STATUS_YN"	NVARCHAR2(10)		NULL,
	"M_POINT"	NUMBER		NULL,
	"M_TELL"	NUMBER		NULL,
	"H_POINT"	NUMBER		NULL
);

COMMENT ON COLUMN "MEMBER"."M_NO" IS '회원번호';

COMMENT ON COLUMN "MEMBER"."M_ID" IS '아이디';

COMMENT ON COLUMN "MEMBER"."M_PWD" IS '비밀번호';
COMMENT ON COLUMN "MEMBER"."M_NAME" IS '성명';

COMMENT ON COLUMN "MEMBER"."B_DAY" IS '생년월일';

COMMENT ON COLUMN "MEMBER"."M_EMAIL" IS '이메일';

COMMENT ON COLUMN "MEMBER"."JOIN_DATE" IS '회원가입날짜';

COMMENT ON COLUMN "MEMBER"."REFERENCE" IS '추천인';

COMMENT ON COLUMN "MEMBER"."GRADE_CODE" IS '등급코드';

COMMENT ON COLUMN "MEMBER"."ALARM_YN" IS '알림수신동의여부';

COMMENT ON COLUMN "MEMBER"."STATUS_YN" IS '회원가입탈퇴여부';

COMMENT ON COLUMN "MEMBER"."M_POINT" IS '적립금';

COMMENT ON COLUMN "MEMBER"."M_TELL" IS '휴대폰번호';

COMMENT ON COLUMN "MEMBER"."H_POINT" IS '누적결제금';

CREATE TABLE "PRODUCT" (
	"P_NO"	NVARCHAR2(50)		NOT NULL,
	"B_NO"	NVARCHAR2(50)		NOT NULL,
	"THUMBNAIL"	VARCHAR2(200)		NULL,
	"P_NAME"	NVARCHAR2(50)		NULL,
	"RETAIL_PRICE"	NUMBER		NULL,
	"DC_RATE"	NUMBER		NULL,
	"P_PRICE"	NUMBER		NOT NULL,
	"P_CATEGORY"	NUMBER		NULL,
	"S_NO"	NUMBER		NULL,
	"P_DETAIL"	NVARCHAR2(50)		NULL,
	"IMG_ROUTER"	NVARCHAR2(200)		NULL,
	"P_POINT"	NUMBER		NULL,
	"SHIP_DATE"	DATE		NULL,
	"F_START_DATE"	DATE		NULL,
	"F_END_DATE"	DATE		NULL,
	"F_GOAL"	NUMBER		NULL,
	"F_SEL_PRICE"	NUMBER		NULL,
	"F_YN"	NVARCHAR2(50)		NULL,
	"CAL_NO"	NVARCHAR2(50)		NOT NULL,
	"F_PRG_RATE"	NUMBER		NULL
);

COMMENT ON COLUMN "PRODUCT"."P_NO" IS '상품번호';

COMMENT ON COLUMN "PRODUCT"."B_NO" IS '브랜드번호';

COMMENT ON COLUMN "PRODUCT"."THUMBNAIL" IS '대표이미지';

COMMENT ON COLUMN "PRODUCT"."P_NAME" IS '상품명';

COMMENT ON COLUMN "PRODUCT"."RETAIL_PRICE" IS '상품가격_정가';

COMMENT ON COLUMN "PRODUCT"."DC_RATE" IS '할인율';

COMMENT ON COLUMN "PRODUCT"."P_PRICE" IS '판매가(정가-할인가격)';

COMMENT ON COLUMN "PRODUCT"."P_CATEGORY" IS '상품종류';

COMMENT ON COLUMN "PRODUCT"."S_NO" IS '스타일번호';

COMMENT ON COLUMN "PRODUCT"."P_DETAIL" IS '상품설명';

COMMENT ON COLUMN "PRODUCT"."IMG_ROUTER" IS '상품경로';

COMMENT ON COLUMN "PRODUCT"."P_POINT" IS '적립금';

COMMENT ON COLUMN "PRODUCT"."SHIP_DATE" IS '순차적배송날짜';

COMMENT ON COLUMN "PRODUCT"."F_START_DATE" IS '펀딩 시작 날짜';

COMMENT ON COLUMN "PRODUCT"."F_END_DATE" IS '펀딩 종료 날짜';

COMMENT ON COLUMN "PRODUCT"."F_GOAL" IS '펀딩 목표';

COMMENT ON COLUMN "PRODUCT"."F_SEL_PRICE" IS '펀딩 판매 금액';

COMMENT ON COLUMN "PRODUCT"."F_YN" IS '펀딩 진행 유무';

COMMENT ON COLUMN "PRODUCT"."CAL_NO" IS '캘린더 번호';

COMMENT ON COLUMN "PRODUCT"."F_PRG_RATE" IS '펀딩 진행율';

CREATE TABLE "QNA" (
	"QNA_NO"	NUMBER		NOT NULL,
	"M_NO"	NVARCHAR2(50)		NOT NULL,
	"QNA_TITLE"	NVARCHAR2(100)		NULL,
	"QNA_CONTENTS"	NVARCHAR2(1000)		NULL,
	"QNA_DATE"	DATE		NULL,
	"P_NO2"	NVARCHAR2(50)		NOT NULL,
	"B_NO"	NVARCHAR2(50)		NOT NULL,
	"RE_YN"	NVARCHAR2(50)		NULL,
	"RE_CONTENT"	NVARCHAR2(50)		NULL
);

COMMENT ON COLUMN "QNA"."QNA_NO" IS 'QNA 번호';

COMMENT ON COLUMN "QNA"."M_NO" IS '회원번호';

COMMENT ON COLUMN "QNA"."QNA_TITLE" IS 'QNA 제목';

COMMENT ON COLUMN "QNA"."QNA_CONTENTS" IS 'QNA 내용';

COMMENT ON COLUMN "QNA"."QNA_DATE" IS 'QNA 작성날짜';

COMMENT ON COLUMN "QNA"."P_NO2" IS '상품번호';

COMMENT ON COLUMN "QNA"."B_NO" IS '브랜드번호';

COMMENT ON COLUMN "QNA"."RE_YN" IS '답변여부';

COMMENT ON COLUMN "QNA"."RE_CONTENT" IS '관리자답변 내용';

CREATE TABLE "SHOPPINGBAG" (
	"M_NO"	NVARCHAR2(50)		NOT NULL,
	"P_NO"	NVARCHAR2(50)		NOT NULL,
	"B_NO"	NVARCHAR2(50)		NOT NULL,
	"SHBAG_NUM"	NUMBER		NULL,
	"SHBAG_PRICE"	NUMBER		NULL
);

COMMENT ON COLUMN "SHOPPINGBAG"."M_NO" IS '회원번호';

COMMENT ON COLUMN "SHOPPINGBAG"."P_NO" IS '상품번호';

COMMENT ON COLUMN "SHOPPINGBAG"."B_NO" IS '브랜드번호';

COMMENT ON COLUMN "SHOPPINGBAG"."SHBAG_NUM" IS '수량';

COMMENT ON COLUMN "SHOPPINGBAG"."SHBAG_PRICE" IS '가격';

CREATE TABLE "CALENDAR" (
	"CAL_NO"	NVARCHAR2(50)		NOT NULL,
	"CAL_DATE"	DATE		NULL,
	"P_NO"	NVARCHAR2(50)		NULL,
	"P_NAME"	NVARCHAR2(50)		NULL,
	"P_IMG_NAME"	NVARCHAR2(50)		NULL,
	"PUBLIC_YN"	NVARCHAR2(50)		NULL,
	"REVISED_DATE"	DATE		NULL
);

COMMENT ON COLUMN "CALENDAR"."CAL_NO" IS '캘린더 번호';

COMMENT ON COLUMN "CALENDAR"."CAL_DATE" IS '날짜';

COMMENT ON COLUMN "CALENDAR"."P_NO" IS '상품번호';

COMMENT ON COLUMN "CALENDAR"."P_NAME" IS '상품명';

COMMENT ON COLUMN "CALENDAR"."P_IMG_NAME" IS '상품사진 이름';

COMMENT ON COLUMN "CALENDAR"."PUBLIC_YN" IS '공개여부';

COMMENT ON COLUMN "CALENDAR"."REVISED_DATE" IS '수정일자';

CREATE TABLE "REVIEW" (
	"REV_NO"	NUMBER		NOT NULL,
	"M_NO"	NVARCHAR2(50)		NOT NULL,
	"REV_TITLE"	NVARCHAR2(50)		NULL,
	"P_NO"	NVARCHAR2(50)		NULL,
	"REV_CONTENTS"	NVARCHAR2(1000)		NULL,
	"REV_DATE"	DATE		NULL,
	"VIEWS_NUM"	NUMBER		NULL,
	"RATE"	NUMBER		NULL,
	"REV_PIC_DIR"	VARCHAR(255)		NULL
);

COMMENT ON COLUMN "REVIEW"."REV_NO" IS '리뷰게시판 번호';

COMMENT ON COLUMN "REVIEW"."M_NO" IS '회원번호';

COMMENT ON COLUMN "REVIEW"."REV_TITLE" IS '리뷰제목';

COMMENT ON COLUMN "REVIEW"."P_NO" IS '상품번호';

COMMENT ON COLUMN "REVIEW"."REV_CONTENTS" IS '리뷰 내용';

COMMENT ON COLUMN "REVIEW"."REV_DATE" IS '리뷰날짜';

COMMENT ON COLUMN "REVIEW"."VIEWS_NUM" IS '조회수';

CREATE TABLE "SHIPPING" (
	"ADDRESS_NO"	NVARCHAR2(50)		NOT NULL,
	"M_NO"	NVARCHAR2(50)		NOT NULL,
	"POSTAL_CODE"	NUMBER		NULL,
	"ADDRESS"	NVARCHAR2(50)		NULL,
	"DETAIL_ADDRESS"	NVARCHAR2(50)		NULL
);

COMMENT ON COLUMN "SHIPPING"."ADDRESS_NO" IS '배송지번호';

COMMENT ON COLUMN "SHIPPING"."M_NO" IS '회원번호';

COMMENT ON COLUMN "SHIPPING"."POSTAL_CODE" IS '우편번호';

COMMENT ON COLUMN "SHIPPING"."ADDRESS" IS '기본주소';

COMMENT ON COLUMN "SHIPPING"."DETAIL_ADDRESS" IS '상세주소';

CREATE TABLE "NOTICE" (
	"N_NO"	NUMBER		NOT NULL,
	"N_TITLE"	NVARCHAR2(50)		NULL,
	"N_CONTENTS"	NVARCHAR2(1000)		NULL,
	"N_DATE"	DATE		NULL,
	"N_DEL_YN"	NVARCHAR2(10)		NULL
);

COMMENT ON COLUMN "NOTICE"."N_NO" IS '공지사항 번호';

COMMENT ON COLUMN "NOTICE"."N_TITLE" IS '공지사항 제목';

COMMENT ON COLUMN "NOTICE"."N_CONTENTS" IS '공지사항 내용';

COMMENT ON COLUMN "NOTICE"."N_DATE" IS '공지사항 작성날짜';

COMMENT ON COLUMN "NOTICE"."N_DEL_YN" IS '공지사항 삭제여부';

CREATE TABLE "GRADE" (
	"GRADE_CODE"	NVARCHAR2(50)		NOT NULL,
	"GRADE_NAME"	NVARCHAR2(50)		NULL,
	"POINT_RATE"	NUMBER		NULL
);

COMMENT ON COLUMN "GRADE"."GRADE_CODE" IS '등급코드';

COMMENT ON COLUMN "GRADE"."GRADE_NAME" IS '등급명';

COMMENT ON COLUMN "GRADE"."POINT_RATE" IS '적립율';

CREATE TABLE "BRAND" (
	"B_NO"	NVARCHAR2(50)		NOT NULL,
	"B_NAME"	NVARCHAR2(50)		NULL,
	"B_CEO"	NVARCHAR2(50)		NULL,
	"B_PHONE"	NVARCHAR2(50)		NULL,
	"B_ADDRESS"	NVARCHAR2(50)		NULL,
	"B_EMAIL"	NVARCHAR2(50)		NULL,
	"B_LCH_DATE"	DATE		NULL,
	"B_LCH_YN"	NVARCHAR2(10)		NULL
);

COMMENT ON COLUMN "BRAND"."B_NO" IS '브랜드번호';

COMMENT ON COLUMN "BRAND"."B_NAME" IS '브랜드이름';

COMMENT ON COLUMN "BRAND"."B_CEO" IS '대표명';

COMMENT ON COLUMN "BRAND"."B_PHONE" IS '연락처';

COMMENT ON COLUMN "BRAND"."B_ADDRESS" IS '회사주소';

COMMENT ON COLUMN "BRAND"."B_EMAIL" IS '이메일';

COMMENT ON COLUMN "BRAND"."B_LCH_DATE" IS '브랜드 입점날짜';

COMMENT ON COLUMN "BRAND"."B_LCH_YN" IS '브랜드 입점유무';

CREATE TABLE "ORDER" (
	"O_NO"	NVARCHAR2(50)		NOT NULL,
	"PRCS_STATUS"	NVARCHAR2(50)		NULL,
	"CANCEL_YN"	NVARCHAR2(50)		NULL,
	"M_NO"	NVARCHAR2(50)		NOT NULL,
	"PAID_YN"	NVARCHAR2(50)		NULL
);

COMMENT ON COLUMN "ORDER"."O_NO" IS '주문번호';

COMMENT ON COLUMN "ORDER"."PRCS_STATUS" IS '처리상태';

COMMENT ON COLUMN "ORDER"."CANCEL_YN" IS '취소 여부';

COMMENT ON COLUMN "ORDER"."M_NO" IS '회원번호';

COMMENT ON COLUMN "ORDER"."PAID_YN" IS '결제유무';

CREATE TABLE "PRODUCT_ORDER" (
	"P_NO"	NVARCHAR2(50)		NOT NULL,
	"O_NO"	NVARCHAR2(50)		NOT NULL,
	"B_NO"	NVARCHAR2(50)		NOT NULL,
	"O_NUM"	NUMBER		NULL
);

COMMENT ON COLUMN "PRODUCT_ORDER"."P_NO" IS '상품번호';

COMMENT ON COLUMN "PRODUCT_ORDER"."O_NO" IS '주문번호';

COMMENT ON COLUMN "PRODUCT_ORDER"."B_NO" IS '브랜드번호';

COMMENT ON COLUMN "PRODUCT_ORDER"."O_NUM" IS '수량';

CREATE TABLE "NO_PASSBOOK" (
	"O_NO"	NVARCHAR2(50)		NOT NULL,
	"O_PMNT_NAME"	NVARCHAR2(50)		NULL,
	"O_BANK"	NVARCHAR2(50)		NULL,
	"AMNT_MONEY"	NUMBER		NULL
);

COMMENT ON COLUMN "NO_PASSBOOK"."O_NO" IS '주문번호';

COMMENT ON COLUMN "NO_PASSBOOK"."O_PMNT_NAME" IS '입금자명';

COMMENT ON COLUMN "NO_PASSBOOK"."O_BANK" IS '입금은행';

COMMENT ON COLUMN "NO_PASSBOOK"."AMNT_MONEY" IS '금액';

CREATE TABLE "PAYMENT_INFO" (
	"O_NO"	NVARCHAR2(50)		NOT NULL,
	"O_DATE"	DATE		NULL,
	"DSTN_CHK"	NVARCHAR2(10)		NULL,
	"RCV_NAME"	NVARCHAR2(50)		NULL,
	"RCV_ADRS"	NVARCHAR2(50)		NULL,
	"RCV_PHONE"	NUMBER		NULL,
	"COMMENT"	NVARCHAR2(500)		NULL,
	"TOTAL_PRICE"	NUMBER		NULL,
	"POINT_USE"	NUMBER		NULL,
	"PMNT_MTHD"	NVARCHAR2(10)		NULL,
	"SHIP_PRICE"	NVARCHAR2(10)		NULL,
	"PMNT_PRICE"	NUMBER		NULL,
	"EXPT_POINT"	NUMBER		NULL,
	"M_NO"	NVARCHAR2(50)		NOT NULL
);

COMMENT ON COLUMN "PAYMENT_INFO"."O_NO" IS '주문번호';

COMMENT ON COLUMN "PAYMENT_INFO"."O_DATE" IS '주문일자';

COMMENT ON COLUMN "PAYMENT_INFO"."DSTN_CHK" IS '배송지확인';

COMMENT ON COLUMN "PAYMENT_INFO"."RCV_NAME" IS '받으실분';

COMMENT ON COLUMN "PAYMENT_INFO"."RCV_ADRS" IS '받으실 분 주소';

COMMENT ON COLUMN "PAYMENT_INFO"."RCV_PHONE" IS '받으실분 전화번호';

COMMENT ON COLUMN "PAYMENT_INFO"."COMMENT" IS '남기실말';

COMMENT ON COLUMN "PAYMENT_INFO"."TOTAL_PRICE" IS '상품합계 금액';

COMMENT ON COLUMN "PAYMENT_INFO"."POINT_USE" IS '적립금 사용';

COMMENT ON COLUMN "PAYMENT_INFO"."PMNT_MTHD" IS '결제수단 설택/결제';

COMMENT ON COLUMN "PAYMENT_INFO"."SHIP_PRICE" IS '배송비 유무';

COMMENT ON COLUMN "PAYMENT_INFO"."PMNT_PRICE" IS '최종 결제 금액';

COMMENT ON COLUMN "PAYMENT_INFO"."EXPT_POINT" IS '애정 적립금';

COMMENT ON COLUMN "PAYMENT_INFO"."M_NO" IS '회원번호';

CREATE TABLE "PERSONAL_QNA" (
	"PER_QNA_NO"	NUMBER		NOT NULL,
	"PER_TITLE"	NVARCHAR2(50)		NULL,
	"PER_CONTENTS"	NVARCHAR2(1000)		NULL,
	"P_NO"	NVARCHAR2(50)		NOT NULL,
	"B_NO"	NVARCHAR2(50)		NOT NULL,
	"M_NO"	NVARCHAR2(50)		NOT NULL,
	"PER_RE_CONTENT"	NVARCHAR2(1000)		NULL,
	"PER_RE_YN"	NVARCHAR2(20)		NULL,
	"ADDFILE"	NVARCHAR2(100)		NULL
);

COMMENT ON COLUMN "PERSONAL_QNA"."PER_QNA_NO" IS '1:1문의 게시판 번호';

COMMENT ON COLUMN "PERSONAL_QNA"."PER_TITLE" IS '게시판 제목';

COMMENT ON COLUMN "PERSONAL_QNA"."PER_CONTENTS" IS '게시판 내용';

COMMENT ON COLUMN "PERSONAL_QNA"."P_NO" IS '상품번호';

COMMENT ON COLUMN "PERSONAL_QNA"."B_NO" IS '브랜드번호';

COMMENT ON COLUMN "PERSONAL_QNA"."M_NO" IS '회원번호';

COMMENT ON COLUMN "PERSONAL_QNA"."PER_RE_CONTENT" IS '관리자 답변내용';

COMMENT ON COLUMN "PERSONAL_QNA"."PER_RE_YN" IS '관리자 답변 유무';

COMMENT ON COLUMN "PERSONAL_QNA"."ADDFILE" IS '첨부파일';

CREATE TABLE "COLOR" (
	"BK"	VARCHAR(255)		NULL,
	"BL"	VARCHAR(255)		NULL,
	"WH"	VARCHAR(255)		NULL,
	"RD"	VARCHAR(255)		NULL,
	"KH"	VARCHAR(255)		NULL,
	"YL"	VARCHAR(255)		NULL,
	"GN"	VARCHAR(255)		NULL
);

CREATE TABLE "UNTITLED" (
	"01"	VARCHAR(255)		NULL,
	"02"	VARCHAR(255)		NULL,
	"03"	VARCHAR(255)		NULL,
	"04"	VARCHAR(255)		NULL,
	"05"	VARCHAR(255)		NULL
);

CREATE TABLE "POINT" (
	"POINT_NO"	NVARCHAR2(50)		NOT NULL,
	"POINT_DATE"	DATE		NULL,
	"O_NO"	NVARCHAR2(50)		NOT NULL,
	"POINT_CONTENT"	NVARCHAR2(50)		NULL,
	"POINT_AMOUNT"	NUMBER		NULL,
	"M_NO"	NVARCHAR2(50)		NOT NULL
);

COMMENT ON COLUMN "POINT"."POINT_NO" IS '적립금 번호';

COMMENT ON COLUMN "POINT"."POINT_DATE" IS '적립 날짜';

COMMENT ON COLUMN "POINT"."O_NO" IS '주문번호';

COMMENT ON COLUMN "POINT"."POINT_CONTENT" IS '적립금 내용';

COMMENT ON COLUMN "POINT"."POINT_AMOUNT" IS '적립금액';

COMMENT ON COLUMN "POINT"."M_NO" IS '회원번호';

ALTER TABLE "MEMBER" ADD CONSTRAINT "PK_MEMBER" PRIMARY KEY (
	"M_NO"
);

ALTER TABLE "PRODUCT" ADD CONSTRAINT "PK_PRODUCT" PRIMARY KEY (
	"P_NO",
	"B_NO"
);

ALTER TABLE "QNA" ADD CONSTRAINT "PK_QNA" PRIMARY KEY (
	"QNA_NO",
	"M_NO"
);

ALTER TABLE "SHOPPINGBAG" ADD CONSTRAINT "PK_SHOPPINGBAG" PRIMARY KEY (
	"M_NO",
	"P_NO",
	"B_NO"
);

ALTER TABLE "CALENDAR" ADD CONSTRAINT "PK_CALENDAR" PRIMARY KEY (
	"CAL_NO"
);

ALTER TABLE "REVIEW" ADD CONSTRAINT "PK_REVIEW" PRIMARY KEY (
	"REV_NO",
	"M_NO"
);

ALTER TABLE "SHIPPING" ADD CONSTRAINT "PK_SHIPPING" PRIMARY KEY (
	"ADDRESS_NO",
	"M_NO"
);

ALTER TABLE "NOTICE" ADD CONSTRAINT "PK_NOTICE" PRIMARY KEY (
	"N_NO"
);

ALTER TABLE "GRADE" ADD CONSTRAINT "PK_GRADE" PRIMARY KEY (
	"GRADE_CODE"
);

ALTER TABLE "BRAND" ADD CONSTRAINT "PK_BRAND" PRIMARY KEY (
	"B_NO"
);

ALTER TABLE "ORDER" ADD CONSTRAINT "PK_ORDER" PRIMARY KEY (
	"O_NO"
);

ALTER TABLE "PRODUCT_ORDER" ADD CONSTRAINT "PK_PRODUCT_ORDER" PRIMARY KEY (
	"P_NO",
	"O_NO",
	"B_NO"
);

ALTER TABLE "NO_PASSBOOK" ADD CONSTRAINT "PK_NO_PASSBOOK" PRIMARY KEY (
	"O_NO"
);

ALTER TABLE "PAYMENT_INFO" ADD CONSTRAINT "PK_PAYMENT_INFO" PRIMARY KEY (
	"O_NO"
);

ALTER TABLE "PERSONAL_QNA" ADD CONSTRAINT "PK_PERSONAL_QNA" PRIMARY KEY (
	"PER_QNA_NO"
);

ALTER TABLE "POINT" ADD CONSTRAINT "PK_POINT" PRIMARY KEY (
	"POINT_NO"
);

ALTER TABLE "PRODUCT" ADD CONSTRAINT "FK_BRAND_TO_PRODUCT_1" FOREIGN KEY (
	"B_NO"
)
REFERENCES "BRAND" (
	"B_NO"
);

ALTER TABLE "QNA" ADD CONSTRAINT "FK_MEMBER_TO_QNA_1" FOREIGN KEY (
	"M_NO"
)
REFERENCES "MEMBER" (
	"M_NO"
);

ALTER TABLE "SHOPPINGBAG" ADD CONSTRAINT "FK_MEMBER_TO_SHOPPINGBAG" FOREIGN KEY (
	"M_NO"
)
REFERENCES "MEMBER" (
	"M_NO"
);

ALTER TABLE "SHOPPINGBAG" ADD CONSTRAINT "FK_PRODUCT_TO_SHOPPINGBAG1" FOREIGN KEY (
	"P_NO","B_NO"
)
REFERENCES "PRODUCT" (
	"P_NO","B_NO"
);

--ALTER TABLE "SHOPPINGBAG" ADD CONSTRAINT "FK_PRODUCT_TO_SHOPPINGBAG2" FOREIGN KEY (
--	"B_NO"
--)
--REFERENCES "PRODUCT" (
--	"B_NO"
--);

ALTER TABLE "REVIEW" ADD CONSTRAINT "FK_MEMBER_TO_REVIEW_1" FOREIGN KEY (
	"M_NO"
)
REFERENCES "MEMBER" (
	"M_NO"
);

ALTER TABLE "SHIPPING" ADD CONSTRAINT "FK_MEMBER_TO_SHIPPING_1" FOREIGN KEY (
	"M_NO"
)
REFERENCES "MEMBER" (
	"M_NO"
);

ALTER TABLE "ORDER" ADD CONSTRAINT "FK_PAYMENT_INFO_TO_ORDER_1" FOREIGN KEY (
	"O_NO"
)
REFERENCES "PAYMENT_INFO" (
	"O_NO"
);

ALTER TABLE "PRODUCT_ORDER" ADD CONSTRAINT "FK_PRODUCT_TO_PRODUCT_ORDER_1" FOREIGN KEY (
	"P_NO","B_NO"
)
REFERENCES "PRODUCT" (
	"P_NO","B_NO"
);

--ALTER TABLE "PRODUCT_ORDER" ADD CONSTRAINT "FK_PRODUCT_TO_PRODUCT_ORDER_2" FOREIGN KEY (
--	"B_NO"
--)
--REFERENCES "PRODUCT" (
--	"B_NO"
--);

ALTER TABLE "PRODUCT_ORDER" ADD CONSTRAINT "FK_ORDER_TO_PRODUCT_ORDER_1" FOREIGN KEY (
	"O_NO"
)
REFERENCES "ORDER" (
	"O_NO"
);

ALTER TABLE "NO_PASSBOOK" ADD CONSTRAINT "FK_PAYMENT_INFO_TO_NO_PASSBOOK" FOREIGN KEY (
	"O_NO"
)
REFERENCES "PAYMENT_INFO" (
	"O_NO"
);

INSERT INTO MEMBER VALUES('M21','tytntu','rla123','김혜린','1994/04/25','tytntu@naver.com','2019/03/03','west2ms','G1','Y','Y',10000,'01012345678',300000);
INSERT INTO MEMBER VALUES('M22','dkssud','akssk12','이랄라','1994/03/21','dkssud@naber.com','2018/03/06','','G2','Y','N',12400,'01023422323',1000000);
INSERT INTO MEMBER VALUES('M23','gktpdy','tlfvkf23','김소향','1994/05/12','dkvk12@naber.com','2017/03/23','','G3','Y','Y',13400,'01023299938',20000000);
INSERT INTO MEMBER VALUES('M24','qksrkq','dnffk34','오나라','1994/11/23','gkrltlfj2@naber.com','2020/05/03','','G3','Y','N',20000,'01023422323',19999999);
INSERT INTO MEMBER VALUES('M25','tmqslek','qkffkf34','할미지','1994/12/31','tlfgekwjd2@naber.com','2020/05/13','','G3','Y','Y',60000,'01058663948',2000000);
INSERT INTO MEMBER VALUES('M26','anjfajrdj','rlvfhd3','유나이','1994/04/23','dhsmfwjsur@naber.com','2019/07/23','dkssud','G1','Y','N',45000,'01029340394',100000);
INSERT INTO MEMBER VALUES('M27','rkxdlajrdj','zofenfk2','오사랑','1994/01/24','anjajrwl@naber.com','2020/04/01','akssktj','G2','Y','Y',6000,'01034565432',2400000);

INSERT INTO MEMBER VALUES('M30','whgdmsrj','tkfkdgdo','김영란','1994/01/25','zpdldpdlcl@naber.com','2017/03/23','','G2','N','Y',13500,'01023537578',3400000);
INSERT INTO MEMBER VALUES('M31','rkxdkwjd','zoenfk2','예지나','1994/02/15','fkffk32@naber.com','2018/03/08','fkfkffk','G3','Y','Y',20000,'01044554332',20000000);
INSERT INTO MEMBER VALUES('M32','rhkwpsjan','zoenfkx23','우루사','1994/03/15','zjshvk@naber.com','2019/12/13','whffu','G3','N','Y',23000,'01078783737',2000000);
INSERT INTO MEMBER VALUES('M33','gkrltlfg','zoenfkx2','김보린','1994/06/13','gksmfrmx@naber.com','2020/03/23','','G2','Y','Y',100000,'01047281823',3000000);
INSERT INTO MEMBER VALUES('M34','dksdud12','zleifn21','김미미','1994/05/25','gkdlzh@naber.com','2019/03/23','','G1','Y','N',12000,'01023045678',100000);
INSERT INTO MEMBER VALUES('M35','dksrud123','zopekfn2','사랑해','1994/06/22','akwdmfj@naber.com','2020/03/23','dnffkf','G1','Y','Y',17000,'01023492933',100000);
INSERT INTO MEMBER VALUES('M36','cnacnwk23','zpoekf44','나두야','1994/07/28','dhktekrn@naber.com','2019/05/13','','G1','Y','Y',10000,'01098987878',50000);
INSERT INTO MEMBER VALUES('M37','shfoqnffj23','zoenfk2','후인아','1994/08/28','whffu@naber.com','2019/08/04','','G1','N','Y',20000,'01023424567',150000);
INSERT INTO MEMBER VALUES('M38','tytntu','zoemfl2','기영아','1994/02/20','wnrrptsp@naber.com','2019/04/04','','G1','Y','Y',10000,'01056903847',45000);
INSERT INTO MEMBER VALUES('M39','tkfkdgo34','fkffkffk23','오안하','1994/03/15','tglidn@naber.com','2019/03/03','gndkdk','G3','Y','Y',20000,'01045678905',5000000);
INSERT INTO MEMBER VALUES('M40','tlatlatgo','tlssksek34','유재석','1994/09/05','sodlff@naber.com','2019/02/03','dkvmrl','G2','Y','Y',10000,'01033459348',4500000);

INSERT INTO MEMBER VALUES('M61','wndrnrdj','rla123','강호돈','1985/07/24','rkdghehs@naver.com','2019/09/04','rkdghehs12','G2','Y','Y',15000,01012341234,30000);
INSERT INTO MEMBER VALUES('M62','dmswldms','rla123','은지은','2001/04/25','dmswldms@naver.com','2018/08/05','dmswldms32','G1','N','Y',10000,01012341235,20000);
INSERT INTO MEMBER VALUES('M63','vlgy','rla123','피효','2008/04/26','vlgy@naver.com','2019/07/06','vlgy5','G1','Y','Y',10000,01012341236,20000);
INSERT INTO MEMBER VALUES('M64','dltnrmd','rla123','이수긍','2002/04/27','dltnrmd@naber.com','2018/06/07','dltnrmd54','G1','Y','Y',10000,01012341237,20000);
INSERT INTO MEMBER VALUES('M65','rkdalswo','rla123','강민재','2001/08/25','rkdalswo@naber.com','2017/05/08','rkdalswo1','G1','Y','Y',10000,01012341238,20000);
INSERT INTO MEMBER VALUES('M66','rkdgksrn','rla123','강한구','1994/06/15','rkdgksrn@naber.com','2018/04/09','rkdgksrn5','G3','Y','Y',20000,01012341239,40000);
INSERT INTO MEMBER VALUES('M67','rhrjsdnr','rla123','고건욱','1997/08/20','rhrjsdnr@naber.com','2017/03/10','rhrjsdnr1','G1','N','Y',10000,01012341231,20000);
INSERT INTO MEMBER VALUES('M68','gusrhkswls','rla123','현관진','1998/05/05','gusrhkswls@naber.com','2019/02/11','gusrhkswls3','G2','Y','Y',15000,01012341232,30000);
INSERT INTO MEMBER VALUES('M69','rnjswjdgus','rla123','권정현','1999/07/06','rnjswjdgus@naber.com','2019/01/12','rnjswjdgus7','G1','Y','Y',10000,01012341233,20000);
INSERT INTO MEMBER VALUES('M70','ghkdrlfgus','rla123','황길연','1999/03/25','ghkdrlfdus@naber.com','2019/12/13','ghkdrlfdus5','G2','Y','Y',15000,01012341214,30000);
INSERT INTO MEMBER VALUES('M71','rlatjsrl','rla123','김선기','1995/01/05','rlatjsrl@naber.com','2019/11/14','rlatjsrl4','G1','N','Y',10000,01012341224,20000);
INSERT INTO MEMBER VALUES('M72','rlarjs','rla123','김건','1993/01/26','rlarjs@naber.com','2019/10/15','rlarjs8','G1','Y','Y',10000,01012341244,20000);
INSERT INTO MEMBER VALUES('M73','rlaskarud','rla123','김남경','1992/01/28','rlaskarud@naber.com','2017/08/17','rlaskarud7','G3','Y','Y',20000,01012341254,40000);
INSERT INTO MEMBER VALUES('M74','rlaeotlr','rla123','김대식','1997/02/27','rlaeotlr@naber.com','2019/07/18','rlaeotlr4','G1','N','Y',10000,01012341264,20000);
INSERT INTO MEMBER VALUES('M75','rlaalsrn','rla123','김민구','1994/02/15','rlaalsrn@naber.com','2018/06/19','rlaalsrn23','G1','Y','Y',10000,01012341274,20000);
INSERT INTO MEMBER VALUES('M76','dldnjsrl','rla123','이원기','1985/08/16','dldnjsrl@naber.com','2019/05/20','dldnjsrl0','G2','Y','Y',15000,01012341284,30000);
INSERT INTO MEMBER VALUES('M77','rlaqjatn','rla123','김범수','1986/09/03','rlaqjatn@naber.com','2018/04/21','rlaqjatn87','G1','Y','Y',10000,01012341294,20000);
INSERT INTO MEMBER VALUES('M78','rlaqjawns','rla123','김범준','1987/12/12','rlaqjawns@naber.com','2019/03/22','rlaqjawns9','G1','N','Y',10000,01012341134,20000);
INSERT INTO MEMBER VALUES('M79','rlatkddnjs','rla123','김상원','1988/12/25','rlatkddnjs@naber.com','2018/02/23','rlatkddnjs7','G2','Y','Y',15000,01012341334,30000);
INSERT INTO MEMBER VALUES('M80','rlatkdgur','rla123','김상혁','1991/12/11','rlatkdgur@naber.com','2019/01/24','rlatkdgur22','G1','N','Y',10000,01012341434,20000);

INSERT INTO MEMBER VALUES ('M01', 'cksal124', 'cksal123', '강찬미', TO_DATE('1995-03-03','YYYY-MM-DD'),
'cksal124@naver.com',TO_DATE('2011-03-03','YYYY-MM-DD'),'violin7665','G1','Y','N',1000,01011341434,20000);

INSERT INTO MEMBER VALUES ('M02', 'rjsgml124', 'rjsgml123', '이건희', TO_DATE('1995-03-04','YYYY-MM-DD'),
'rjsgml124@naver.com',TO_DATE('2011-03-03','YYYY-MM-DD'),'violin7665','G1','N','N',1500,01012341434,20000);

INSERT INTO MEMBER VALUES ('M03', 'rudtjq124', 'rudtjq123', '김경섭', TO_DATE('1994-03-13','YYYY-MM-DD'),
'rudtjq124@naver.com',TO_DATE('2014-03-09','YYYY-MM-DD'),'violin7665','G2','Y','N',10000,01013341434,30000);

INSERT INTO MEMBER VALUES ('M04', 'rudwns124', 'rudwns123', '이경준', TO_DATE('1995-07-03','YYYY-MM-DD'),
'rudwns124@naver.com',TO_DATE('2010-06-04','YYYY-MM-DD'),'violin7665','G1','Y','N',200,01014341434,20000);

INSERT INTO MEMBER VALUES ('M05', 'rbgus124', 'rbgus123', '김규현', TO_DATE('1997-11-23','YYYY-MM-DD'),
'rbgus124@naver.com',TO_DATE('2019-05-03','YYYY-MM-DD'),'violin7665','G2','Y','N',1600,01015341434,30000);

INSERT INTO MEMBER VALUES ('M06', 'rbcjf124', 'rbcjf123', '최규철', TO_DATE('1994-12-13','YYYY-MM-DD'),
'rbcjf124@naver.com',TO_DATE('2015-03-13','YYYY-MM-DD'),'violin7665','G3','Y','Y',6500,01016341434,40000);

INSERT INTO MEMBER VALUES ('M07', 'rlgur124', 'rlgur123', '권기혁', TO_DATE('1995-10-12','YYYY-MM-DD'),
'rlgur124@naver.com',TO_DATE('2014-03-16','YYYY-MM-DD'),'violin7665','G1','Y','N',600,01012741434,20000);

INSERT INTO MEMBER VALUES ('M08', 'dydghks124', 'dydghks123', '김용환', TO_DATE('1995-11-03','YYYY-MM-DD'),
'dydghks124@naver.com',TO_DATE('2016-03-03','YYYY-MM-DD'),'violin7665','G2','Y','N',1100,01082341434,30000);

INSERT INTO MEMBER VALUES ('M09', 'skrud124', 'skrud123', '김나경', TO_DATE('1994-01-03','YYYY-MM-DD'),
'skrud124@naver.com',TO_DATE('2017-07-03','YYYY-MM-DD'),'violin7665','G1','Y','N',1060,01012941434,20000);

INSERT INTO MEMBER VALUES ('M10', 'gockd124', 'gockd123', '김해창', TO_DATE('1992-01-13','YYYY-MM-DD'),
'gockd124@naver.com',TO_DATE('2019-03-03','YYYY-MM-DD'),'violin7665','G3','Y','N',1900,01019341434,40000);

INSERT INTO MEMBER VALUES ('M11', 'tmddhks124', 'tmddhks123', '노승완', TO_DATE('1995-09-03','YYYY-MM-DD'),
'tmddhks124@naver.com',TO_DATE('2016-02-03','YYYY-MM-DD'),'violin7665','G2','Y','N',1900,01012241434,30000);

INSERT INTO MEMBER VALUES ('M12', 'rlgh124', 'rlgh123', '이기호', TO_DATE('1995-06-15','YYYY-MM-DD'),
'rlgh124@naver.com',TO_DATE('2014-07-15','YYYY-MM-DD'),'violin7665','G2','Y','Y',10800,01012340434,30000);

INSERT INTO MEMBER VALUES ('M13', 'ekdo124', 'ekdo123', '손다애', TO_DATE('1999-02-03','YYYY-MM-DD'),
'ekdo124@naver.com',TO_DATE('2014-09-03','YYYY-MM-DD'),'violin7665','G2','Y','N',1800,01012340434,30000);

INSERT INTO MEMBER VALUES ('M14', 'eogns124', 'eogns123', '정대훈', TO_DATE('1995-09-13','YYYY-MM-DD'),
'cksal124@naver.com',TO_DATE('2011-03-03','YYYY-MM-DD'),'violin7665','G3','Y','N',1000,01010341434,40000);

INSERT INTO MEMBER VALUES ('M15', 'fkstlf124', 'fkstlf123', '이란실', TO_DATE('1998-05-03','YYYY-MM-DD'),
'fkstlf124@naver.com',TO_DATE('2017-05-09','YYYY-MM-DD'),'violin7665','G2','Y','N',700,01012341404,30000);

INSERT INTO MEMBER VALUES ('M16', 'altjs124', 'altjs123', '문미선', TO_DATE('1998-09-09','YYYY-MM-DD'),
'altjs124@naver.com',TO_DATE('2020-01-03','YYYY-MM-DD'),'violin7665','G3','Y','N',1100,01012341034,40000);

INSERT INTO MEMBER VALUES ('M17', 'tpgh124', 'tpgh123', '박세호', TO_DATE('1993-06-11','YYYY-MM-DD'),
'tpgh124@naver.com',TO_DATE('2019-06-03','YYYY-MM-DD'),'violin7665','G2','N','N',1090,01012341430,30000);

INSERT INTO MEMBER VALUES ('M18', 'dmswl124', 'dmswl123', '이은지', TO_DATE('1997-05-10','YYYY-MM-DD'),
'dmswl124@naver.com',TO_DATE('2016-11-03','YYYY-MM-DD'),'violin7665','G1','Y','N',1000,01012361434,20000);

INSERT INTO MEMBER VALUES ('M19', 'tpoadl124', 'toadl123', '최샘이', TO_DATE('1996-01-03','YYYY-MM-DD'),
'tpoad124@naver.com',TO_DATE('2014-12-03','YYYY-MM-DD'),'violin7665','G3','Y','N',100,01012341634,40000);

INSERT INTO MEMBER VALUES ('M20', 'thdjs124', 'thdjs123', '심소언', TO_DATE('1999-09-09','YYYY-MM-DD'),
'thdjs124@naver.com',TO_DATE('2015-02-13','YYYY-MM-DD'),'violin7665','G2','Y','Y',1800,01072341474,30000);

INSERT INTO MEMBER VALUES('M81','apple','1234','조이','1995/03/20','joy@naver.com','2020/04/29','apple2','G1','Y','Y',1,01034758922,10);
INSERT INTO MEMBER VALUES('M82','banana','1234','아이린','1995/03/21','irin@naver.com','2020/04/28','irin2','G1','Y','Y',2,01034788922,20);
INSERT INTO MEMBER VALUES('M83','grape','1234','예린','1995/03/22','yerin@naver.com','2020/04/27','yerin2','G1','Y','Y',3,01034658966,30);
INSERT INTO MEMBER VALUES('M84','peach','1234','슬기','1995/03/23','silgy@naver.com','2020/04/26','silgy2','G2','Y','Y',4,01034788922,40);
INSERT INTO MEMBER VALUES('M85','mango','1234','웬디','1995/03/24','wendy@naver.com','2020/04/25','wendy2','G3','N','Y',5,01034682655,5000000);
INSERT INTO MEMBER VALUES('M86','watermelon','1234','제니','1995/03/25','jenny@naver.com','2020/04/24','jenny2','G3','N','Y',6,01035782456,600000);
INSERT INTO MEMBER VALUES('M87','applemango','1234','지수','1995/03/26','jisoo@naver.com','2020/04/23','applemango2','G3','Y','Y',7,01087526599,700000);
INSERT INTO MEMBER VALUES('M88','strawberry','1234','로제','1995/03/27','rose@naver.com','2020/04/22','strawberry2','G2','Y','Y',8,01084578922,80);
INSERT INTO MEMBER VALUES('M89','plum','1234','리사','1995/03/28','risa@naver.com','2020/04/21','plum2','G1','N','Y',9,01087542366,90);
INSERT INTO MEMBER VALUES('M90','melon','1234','효정','1996/12/10','hyojeong@naver.com','2020/01/01','melon2','G2','N','Y',10,01087565677,100);
INSERT INTO MEMBER VALUES('M91','cherry','1234','미미','1996/12/11','mimi@naver.com','2020/01/02','cherry2','G1','Y','Y',11,01078542365,110);
INSERT INTO MEMBER VALUES('M92','pineapple','1234','유아','1996/12/13','youare@naver.com','2020/01/03','pineapple','G2','N','Y',12,01087568922,120);
INSERT INTO MEMBER VALUES('M93','kiwi','1234','지호','1996/12/14','jiho@naver.com','2020/01/04','kiwi2','G3','Y','Y',13,01087521456,1300000);
INSERT INTO MEMBER VALUES('M94','goldkiwi','1234','비니','1996/12/15','bini@naver.com','2020/01/05','goldkiwi2','G1','Y','Y',14,01087524561,140);
INSERT INTO MEMBER VALUES('M95','grapfruite','1234','유리','1996/12/16','yuri@naver.com','2020/01/06','grapfruite2','G2','N','Y',15,01087546589,150);
INSERT INTO MEMBER VALUES('M96','tomato','1234','태연','1996/12/17','teayeon@naver.com','2020/01/07','tomato2','G3','Y','Y',16,01078945612,1600000);
INSERT INTO MEMBER VALUES('M97','pear','1234','티파니','1996/12/18','tiffany@naver.com','2020/01/08','pear2','G1','N','Y',17,01084512457,170);
INSERT INTO MEMBER VALUES('M98','blueberry','1234','수영','1996/12/19','suyoung@naver.com','2020/01/09','blueberry2','G2','Y','Y',18,01087455688,180);
INSERT INTO MEMBER VALUES('M99','rasberry','1234','써니','1996/12/20','sunny@naver.com','2020/01/10','rasberry2','G3','N','Y',19,01087462154,1900000);


INSERT INTO MEMBER VALUES('M41','west21ms','west21!@#','양서윤','1993/04/21','west21ms@gmail.com','2019/05/16',null,'G1','Y','Y',10000,01078941234,55000000);
INSERT INTO MEMBER VALUES('M42','dangx2','bowwow22','김댕댕','2000/04/21','dangx2@gmail.com','2020/03/15',null,'G2','N','N',5000,01058421252,1000000);
INSERT INTO MEMBER VALUES('M43','du888','du888@@','곽두팔','1960/09/01','du888@gmail.com','2015/12/20',null,'G3','N','Y',25000,01078521532,2000);
INSERT INTO MEMBER VALUES('M44','baba123','baba123','박배동','1983/06/20','baba123@naver.com','2009/05/06','du888','G1','Y','N',1100000,01012521234,100000);
INSERT INTO MEMBER VALUES('M45','wonder98','abc123','김놀람','1900/08/11','wowwow010@gmail.com','2006/11/11',null,'G1','Y','Y',100300,01045678901,5400000);
INSERT INTO MEMBER VALUES('M46','kim0su','lovegrandma','김영수','1981/11/21','lovegrandma@gmail.com','2020/04/16',null,'G2','Y','Y',230000,01015341234,152201);
INSERT INTO MEMBER VALUES('M47','gondunim7','love0su','할머니','1996/02/09','gondunim7@yahoo.com','2020/05/20',null,'G2','Y','Y',10300,01025525555,752000);
INSERT INTO MEMBER VALUES('M48','zeint','128128aa','지인트','1993/05/05','zeint@gmail.com','2012/07/06','west21ms','G2','Y','Y',134,01052554561,452200);
INSERT INTO MEMBER VALUES('M49','danmuzi','jjajang','김자장','1986/09/30','jjajangluv@hanmail.net','2015/04/26',null,'G2','N','N',15,01015325555,22100);
INSERT INTO MEMBER VALUES('M50','east21mr','east21!@#','남동윤','1993/04/21','east21mr@gmail.com','2019/05/17','west21ms','G1','N','Y',0,01075641123,100200);
INSERT INTO MEMBER VALUES('M51','fivewon','50@@#','오원','1983/02/01','5one5one@gmail.com','2011/04/22',null,'G1','Y','Y',10000,01023452102,530400);
INSERT INTO MEMBER VALUES('M52','iljowon','dlfwhdnjs11','일조원','1977/07/11','100000000000@hanmail.net','2018/03/16','east21mr','G3','Y','Y',22000,01023458521,320000);
INSERT INTO MEMBER VALUES('M53','jigubon','jigubon@@','지구본','1991/01/01','jigubon@gmail.com','2019/05/16','du888','G3','Y','Y',13000,01035421235,235200);
INSERT INTO MEMBER VALUES('M54','ssapable','rksmdgks','가능한','1995/07/31','ssapable@gmail.com','2019/05/16',null,'G3','Y','Y',10000,01068751456,641000);
INSERT INTO MEMBER VALUES('M55','kimchi2','likekimchi','김치','1988/08/28','kimchi22@gmail.com','2019/05/16',null,'G3','Y','Y',23400,01045621256,7820000);
INSERT INTO MEMBER VALUES('M56','twinkle','tw***','대머리','1994/01/20','twinkle@gmail.com','2019/05/16',null,'G2','Y','Y',20000,01078924567,675000);
INSERT INTO MEMBER VALUES('M57','bibibik','masidda','최비비','1996/03/21','bibibik@gmail.com','2014/03/10',null,'G2','Y','Y',100,01025201123,500000);
INSERT INTO MEMBER VALUES('M58','sol99','solsol22','김한솔','1992/01/31','solsol@naver.com','1999/05/13',null,'G2','Y','Y',500,01024561254,15300000);
INSERT INTO MEMBER VALUES('M59','baekristal','baebae11','배수정','1994/02/28','baekristal@gmail.com','2019/04/26',null,'G3','Y','Y',4000,0101578423,520030);


INSERT INTO REVIEW VALUES (100000, 'M46', '잘 받았어요. 딱 맞아요.', 'W0101003BKS', '걱정했는데 잘 맞아서 좋아요. 다른 색도 사고 싶어요!', '2020/04/21', 0, 5, 'review001');
INSERT INTO REVIEW VALUES (100001, 'M42', '선물했는데 좋아해요:)', 'M0704094BKS', '남친 생일선물로 사줬는데 너무 좋아해요! 근데 실물이 사진보다 칙칙해용', '2020/01/12', 0, 4, 'review002');
INSERT INTO REVIEW VALUES (100002, 'M33', '사이즈가 좀 크네요', 'M0201052KHL', '실측이랑 달라요. 그냥 오버핏으로 입으려고요.', '2019/11/23', 0, 4, 'review003');
INSERT INTO REVIEW VALUES (100003, 'M01', '좋아요', 'M0201052KHM', '넉넉하게 맞아서 딱 좋아요', '2020/03/22', 0, 5, NULL);
INSERT INTO REVIEW VALUES (100004, 'M25', '색깔 너무 예뻐요', 'W0602043BKM', '다크블랙이 아니라 빛받았을때 은은한 색이에요!', '2020/04/22', 0, 5, 'review004');
INSERT INTO REVIEW VALUES (100005, 'M52', '좋아요 좋아요 짱 죠아욘', 'W0503045WHS', '하비인데 루즈해서 티 안나고 날씬해보여요. 이거 입으면 살빠졌냐고 물어봐용', '2020/05/05', 0, 5, 'review005');
INSERT INTO REVIEW VALUES (100006, 'M90', '소매가 너무 길어요', 'M0702098BKS', '장기자랑 나가서 탈춤 추면 될듯,,', '2020/03/27', 0, 2, NULL);
INSERT INTO REVIEW VALUES (100007, 'M72', '여자친구가 좋아해요', 'W0205027RDS', '여친 쿨톤이라 잘어울려요 얼굴 화사해보여요', '2019/08/30', 0, 5, NULL);
INSERT INTO REVIEW VALUES (100008, 'M53', '유니크합니다.', 'M0401065BLM', '파란색 무스탕은 처음이라 눈 딱 감고 질렀는데 다크한 컬러라 좋습니다', '2019/12/25', 0, 5, 'review006');
INSERT INTO REVIEW VALUES (100009, 'M17', '한치수 작게 사세요', 'W0101019YLM', '후기 보고 한치수 작게 샀는데 딱이에요', '2020/03/22', 0, 5, 'review007');
INSERT INTO REVIEW VALUES (100010, 'M67', '이게 어떻게 파란색이죠??!!!!', 'W0102016BLM', '별 한개도 안주고 싶어요 카키색 아닌가요??', '2018/11/03', 0, 1, 'review008');


INSERT INTO BRAND VALUES('01', 'ACOC', '양서윤', '010-777-6666', '경기도 성남시 대왕판교로', 'west21ms@gmail.com', '2015/07/15', 'Y');
INSERT INTO BRAND VALUES('02', 'Bouton', '김혜린', '010-111-1234', '서울시 강남구 논현동', 'lovehr@gmail.com', '2013/02/10', 'Y');
INSERT INTO BRAND VALUES('03', 'Clet', '신희지', '02-127-3456', '서울시 강남구 대치동', 'lovehj@gmail.com', '2014/08/23', 'N');
INSERT INTO BRAND VALUES('04', 'Dube', '최상원', '031-428-7777', '경기도 하남시 미사대로', 'cutesws2@gmail.com', '2017/12/25', 'N');
INSERT INTO BRAND VALUES('05', 'elito', '조한솔', '010-7221-5679', '서울시 강남구 력삼동', 'hansolee@gmail.com', '2017/11/13', 'Y');
INSERT INTO BRAND VALUES('06', 'Hier', '오진교', '02-123-9876', '서울시 중구 명동', 'cute5@gmail.com', '2016/02/25', 'Y');
INSERT INTO BRAND VALUES('07', 'Kye', '배동곤', '032-333-1230', '인천시 옹진군 백령면', 'bdg1203@gmail.com', '2019/01/11', 'Y');

INSERT INTO PRODUCT VALUES('W0101001BKS', '01', 'thumb001', '트위드 더블버튼 재킷', 189000, 20, 151200, 01, 001, '힙을 덮지 않는 길이감으로 데님, 스커트에 매치해도 잘 어울립니다.', 'dt001', 151, '2020/06/30', '2020/05/01', '2020/06/15', 3000000, 0, 'Y', '001', 0);
INSERT INTO PRODUCT VALUES('W0101001BKM', '01', 'thumb001', '트위드 더블버튼 재킷', 189000, 20, 151200, 01, 001, '힙을 덮지 않는 길이감으로 데님, 스커트에 매치해도 잘 어울립니다.', 'dt001', 151, '2020/06/30', '2020/05/01', '2020/06/15', 3000000, 0, 'Y', '001', 0);
INSERT INTO PRODUCT VALUES('W0101001BKL', '01', 'thumb001', '트위드 더블버튼 재킷', 189000, 20, 151200, 01, 001, '힙을 덮지 않는 길이감으로 데님, 스커트에 매치해도 잘 어울립니다.', 'dt001', 151, '2020/06/30', '2020/05/01', '2020/06/15', 3000000, 0, 'Y', '001', 0);
INSERT INTO PRODUCT VALUES('W0101001RDS', '01', 'thumb001', '트위드 더블버튼 재킷', 189000, 20, 151200, 01, 001, '힙을 덮지 않는 길이감으로 데님, 스커트에 매치해도 잘 어울립니다.', 'dt001', 151, '2020/06/30', '2020/05/01', '2020/06/15', 3000000, 0, 'Y', '001', 0);
INSERT INTO PRODUCT VALUES('W0101001RDM', '01', 'thumb001', '트위드 더블버튼 재킷', 189000, 20, 151200, 01, 001, '힙을 덮지 않는 길이감으로 데님, 스커트에 매치해도 잘 어울립니다.', 'dt001', 151, '2020/06/30', '2020/05/01', '2020/06/15', 3000000, 0, 'Y', '001', 0);
INSERT INTO PRODUCT VALUES('W0101001RDL', '01', 'thumb001', '트위드 더블버튼 재킷', 189000, 20, 151200, 01, 001, '힙을 덮지 않는 길이감으로 데님, 스커트에 매치해도 잘 어울립니다.', 'dt001', 151, '2020/06/30', '2020/05/01', '2020/06/15', 3000000, 0, 'Y', '001', 0);

INSERT INTO PRODUCT VALUES('W0103002BLS', '01', 'thumb002', '세인트 체크 스커트', 79000, 10, 71100, 03, 002, '빅 포켓, 레드 포인트 스티치가 세련된 샤넬 라인 스커트', 'dt002', 71, '2020/07/25', '2020/06/03', '2020/07/10', 1500000, 0, 'N', '002', 0);
INSERT INTO PRODUCT VALUES('W0103002BLM', '01', 'thumb002', '세인트 체크 스커트', 79000, 10, 71100, 03, 002, '빅 포켓, 레드 포인트 스티치가 세련된 샤넬 라인 스커트', 'dt002', 71, '2020/07/25', '2020/06/03', '2020/07/10', 1500000, 0, 'N', '002', 0);
INSERT INTO PRODUCT VALUES('W0103002RDS', '01', 'thumb002', '세인트 체크 스커트', 79000, 10, 71100, 03, 002, '빅 포켓, 레드 포인트 스티치가 세련된 샤넬 라인 스커트', 'dt002', 71, '2020/07/25', '2020/06/03', '2020/07/10', 1500000, 0, 'N', '002', 0);
INSERT INTO PRODUCT VALUES('W0103002RDM', '01', 'thumb002', '세인트 체크 스커트', 79000, 10, 71100, 03, 002, '빅 포켓, 레드 포인트 스티치가 세련된 샤넬 라인 스커트', 'dt002', 71, '2020/07/25', '2020/06/03', '2020/07/10', 1500000, 0, 'N', '002', 0);
INSERT INTO PRODUCT VALUES('W0103002YLS', '01', 'thumb002', '세인트 체크 스커트', 79000, 10, 71100, 03, 002, '빅 포켓, 레드 포인트 스티치가 세련된 샤넬 라인 스커트', 'dt002', 71, '2020/07/25', '2020/06/03', '2020/07/10', 1500000, 0, 'N', '002', 0);
INSERT INTO PRODUCT VALUES('W0103002YLM', '01', 'thumb002', '세인트 체크 스커트', 79000, 10, 71100, 03, 002, '빅 포켓, 레드 포인트 스티치가 세련된 샤넬 라인 스커트', 'dt002', 71, '2020/07/25', '2020/06/03', '2020/07/10', 1500000, 0, 'N', '002', 0);

INSERT INTO PRODUCT VALUES('W0101003BKS', '01', 'thumb003', '데일리 7 팬츠', 89000, 10, 80100, 03, 003, '데일리로 입기 좋은 세미 와이드 팬츠', 'dt003', 160, '2020/06/30', '2020/05/01', '2020/06/20', 1500000, 0, 'Y', '003', 0);
INSERT INTO PRODUCT VALUES('W0101003BKM', '01', 'thumb003', '데일리 7 팬츠', 89000, 10, 80100, 03, 003, '데일리로 입기 좋은 세미 와이드 팬츠', 'dt003', 160, '2020/06/30', '2020/05/01', '2020/06/20', 1500000, 0, 'Y', '003', 0);
INSERT INTO PRODUCT VALUES('W0101003BKL', '01', 'thumb003', '데일리 7 팬츠', 89000, 10, 80100, 03, 003, '데일리로 입기 좋은 세미 와이드 팬츠', 'dt003', 160, '2020/06/30', '2020/05/01', '2020/06/20', 1500000, 0, 'Y', '003', 0);
INSERT INTO PRODUCT VALUES('W0101003RDS', '01', 'thumb003', '데일리 7 팬츠', 89000, 10, 80100, 03, 003, '데일리로 입기 좋은 세미 와이드 팬츠', 'dt003', 160, '2020/06/30', '2020/05/01', '2020/06/20', 1500000, 0, 'Y', '003', 0);
INSERT INTO PRODUCT VALUES('W0101003RDM', '01', 'thumb003', '데일리 7 팬츠', 89000, 10, 80100, 03, 003, '데일리로 입기 좋은 세미 와이드 팬츠', 'dt003', 160, '2020/06/30', '2020/05/01', '2020/06/20', 1500000, 0, 'Y', '003', 0);
INSERT INTO PRODUCT VALUES('W0101003RDL', '01', 'thumb003', '데일리 7 팬츠', 89000, 10, 80100, 03, 003, '데일리로 입기 좋은 세미 와이드 팬츠', 'dt003', 160, '2020/06/30', '2020/05/01', '2020/06/20', 1500000, 0, 'Y', '003', 0);
INSERT INTO PRODUCT VALUES('W0101003BLS', '01', 'thumb003', '데일리 7 팬츠', 89000, 10, 80100, 03, 003, '데일리로 입기 좋은 세미 와이드 팬츠', 'dt003', 160, '2020/06/30', '2020/05/01', '2020/06/20', 1500000, 0, 'Y', '003', 0);
INSERT INTO PRODUCT VALUES('W0101003BLM', '01', 'thumb003', '데일리 7 팬츠', 89000, 10, 80100, 03, 003, '데일리로 입기 좋은 세미 와이드 팬츠', 'dt003', 160, '2020/06/30', '2020/05/01', '2020/06/20', 1500000, 0, 'Y', '003', 0);
INSERT INTO PRODUCT VALUES('W0101003BLL', '01', 'thumb003', '데일리 7 팬츠', 89000, 10, 80100, 03, 003, '데일리로 입기 좋은 세미 와이드 팬츠', 'dt003', 160, '2020/06/30', '2020/05/01', '2020/06/20', 1500000, 0, 'Y', '003', 0);

INSERT INTO PRODUCT VALUES('W0101004BKM', '01', 'thumb004', '프렌치 딥컬러 트렌치 코트', 129000, 30, 90300, 01, 004, '어디에나 툭 걸쳐도 힙한 프렌치 시크 스타일로 간절기 완전 정복!', 'dt004', 129, '2020/08/23', '2020/06/30', '2020/07/31', 5000000, 0, 'N', '004', 0);
INSERT INTO PRODUCT VALUES('W0101004BKL', '01', 'thumb004', '프렌치 딥컬러 트렌치 코트', 129000, 30, 90300, 01, 004, '어디에나 툭 걸쳐도 힙한 프렌치 시크 스타일로 간절기 완전 정복!', 'dt004', 129, '2020/08/23', '2020/06/30', '2020/07/31', 5000000, 0, 'N', '004', 0);
INSERT INTO PRODUCT VALUES('W0101004BLM', '01', 'thumb004', '프렌치 딥컬러 트렌치 코트', 129000, 30, 90300, 01, 004, '어디에나 툭 걸쳐도 힙한 프렌치 시크 스타일로 간절기 완전 정복!', 'dt004', 129, '2020/08/23', '2020/06/30', '2020/07/31', 5000000, 0, 'N', '004', 0);
INSERT INTO PRODUCT VALUES('W0101004BLL', '01', 'thumb004', '프렌치 딥컬러 트렌치 코트', 129000, 30, 90300, 01, 004, '어디에나 툭 걸쳐도 힙한 프렌치 시크 스타일로 간절기 완전 정복!', 'dt004', 129, '2020/08/23', '2020/06/30', '2020/07/31', 5000000, 0, 'N', '004', 0);
INSERT INTO PRODUCT VALUES('W0101004WHM', '01', 'thumb004', '프렌치 딥컬러 트렌치 코트', 129000, 30, 90300, 01, 004, '어디에나 툭 걸쳐도 힙한 프렌치 시크 스타일로 간절기 완전 정복!', 'dt004', 129, '2020/08/23', '2020/06/30', '2020/07/31', 5000000, 0, 'N', '004', 0);
INSERT INTO PRODUCT VALUES('W0101004WHL', '01', 'thumb004', '프렌치 딥컬러 트렌치 코트', 129000, 30, 90300, 01, 004, '어디에나 툭 걸쳐도 힙한 프렌치 시크 스타일로 간절기 완전 정복!', 'dt004', 129, '2020/08/23', '2020/06/30', '2020/07/31', 5000000, 0, 'N', '004', 0);

INSERT INTO PRODUCT VALUES('W0102005WHS', '01', 'thumb005', '에븐 무지 코튼셔츠', 58000, 30, 40600, 02, 005, '파스텔 컬러의 박시한 핏과 와이드한 커프스, 몸에 들러붙지 않는 소재', 'dt005', 40, '2020/08/10', '2020/07/01', '2020/07/31', 1200000, 0, 'N', '005', 0);
INSERT INTO PRODUCT VALUES('W0102005WHM', '01', 'thumb005', '에븐 무지 코튼셔츠', 58000, 30, 40600, 02, 005, '파스텔 컬러의 박시한 핏과 와이드한 커프스, 몸에 들러붙지 않는 소재', 'dt005', 40, '2020/08/10', '2020/07/01', '2020/07/31', 1200000, 0, 'N', '005', 0);
INSERT INTO PRODUCT VALUES('W0102005WHL', '01', 'thumb005', '에븐 무지 코튼셔츠', 58000, 30, 40600, 02, 005, '파스텔 컬러의 박시한 핏과 와이드한 커프스, 몸에 들러붙지 않는 소재', 'dt005', 40, '2020/08/10', '2020/07/01', '2020/07/31', 1200000, 0, 'N', '005', 0);
INSERT INTO PRODUCT VALUES('W0102005YLS', '01', 'thumb005', '에븐 무지 코튼셔츠', 58000, 30, 40600, 02, 005, '파스텔 컬러의 박시한 핏과 와이드한 커프스, 몸에 들러붙지 않는 소재', 'dt005', 40, '2020/08/10', '2020/07/01', '2020/07/31', 1200000, 0, 'N', '005', 0);
INSERT INTO PRODUCT VALUES('W0102005YLM', '01', 'thumb005', '에븐 무지 코튼셔츠', 58000, 30, 40600, 02, 005, '파스텔 컬러의 박시한 핏과 와이드한 커프스, 몸에 들러붙지 않는 소재', 'dt005', 40, '2020/08/10', '2020/07/01', '2020/07/31', 1200000, 0, 'N', '005', 0);
INSERT INTO PRODUCT VALUES('W0102005YLL', '01', 'thumb005', '에븐 무지 코튼셔츠', 58000, 30, 40600, 02, 005, '파스텔 컬러의 박시한 핏과 와이드한 커프스, 몸에 들러붙지 않는 소재', 'dt005', 40, '2020/08/10', '2020/07/01', '2020/07/31', 1200000, 0, 'N', '005', 0);
INSERT INTO PRODUCT VALUES('W0102005KHS', '01', 'thumb005', '에븐 무지 코튼셔츠', 58000, 30, 40600, 02, 005, '파스텔 컬러의 박시한 핏과 와이드한 커프스, 몸에 들러붙지 않는 소재', 'dt005', 40, '2020/08/10', '2020/07/01', '2020/07/31', 1200000, 0, 'N', '005', 0);
INSERT INTO PRODUCT VALUES('W0102005KHM', '01', 'thumb005', '에븐 무지 코튼셔츠', 58000, 30, 40600, 02, 005, '파스텔 컬러의 박시한 핏과 와이드한 커프스, 몸에 들러붙지 않는 소재', 'dt005', 40, '2020/08/10', '2020/07/01', '2020/07/31', 1200000, 0, 'N', '005', 0);
INSERT INTO PRODUCT VALUES('W0102005KHL', '01', 'thumb005', '에븐 무지 코튼셔츠', 58000, 30, 40600, 02, 005, '파스텔 컬러의 박시한 핏과 와이드한 커프스, 몸에 들러붙지 않는 소재', 'dt005', 40, '2020/08/10', '2020/07/01', '2020/07/31', 1200000, 0, 'N', '005', 0);

INSERT INTO PRODUCT VALUES('W0105006BKS', '01', 'thumb006', '트윙클 무드 셔링 드레스', 158000, 20, 126400, 05, 006, '스킨 컬러가 살짝 비치는 긴팔 여름 드레스. 어깨 라인에 잡힌 셔링으로 여성스러워요:)', 'dt006', 126, '2020/06/12', '2020/05/06', '2020/06/08', 7500000, 0, 'Y', '006', 0);
INSERT INTO PRODUCT VALUES('W0105006BKM', '01', 'thumb006', '트윙클 무드 셔링 드레스', 158000, 20, 126400, 05, 006, '스킨 컬러가 살짝 비치는 긴팔 여름 드레스. 어깨 라인에 잡힌 셔링으로 여성스러워요:)', 'dt006', 126, '2020/06/12', '2020/05/06', '2020/06/08', 7500000, 0, 'Y', '006', 0);
INSERT INTO PRODUCT VALUES('W0105006RDS', '01', 'thumb006', '트윙클 무드 셔링 드레스', 158000, 20, 126400, 05, 006, '스킨 컬러가 살짝 비치는 긴팔 여름 드레스. 어깨 라인에 잡힌 셔링으로 여성스러워요:)', 'dt006', 126, '2020/06/12', '2020/05/06', '2020/06/08', 7500000, 0, 'Y', '006', 0);
INSERT INTO PRODUCT VALUES('W0105006RDM', '01', 'thumb006', '트윙클 무드 셔링 드레스', 158000, 20, 126400, 05, 006, '스킨 컬러가 살짝 비치는 긴팔 여름 드레스. 어깨 라인에 잡힌 셔링으로 여성스러워요:)', 'dt006', 126, '2020/06/12', '2020/05/06', '2020/06/08', 7500000, 0, 'Y', '006', 0);
INSERT INTO PRODUCT VALUES('W0105006YLS', '01', 'thumb006', '트윙클 무드 셔링 드레스', 158000, 20, 126400, 05, 006, '스킨 컬러가 살짝 비치는 긴팔 여름 드레스. 어깨 라인에 잡힌 셔링으로 여성스러워요:)', 'dt006', 126, '2020/06/12', '2020/05/06', '2020/06/08', 7500000, 0, 'Y', '006', 0);
INSERT INTO PRODUCT VALUES('W0105006YLM', '01', 'thumb006', '트윙클 무드 셔링 드레스', 158000, 20, 126400, 05, 006, '스킨 컬러가 살짝 비치는 긴팔 여름 드레스. 어깨 라인에 잡힌 셔링으로 여성스러워요:)', 'dt006', 126, '2020/06/12', '2020/05/06', '2020/06/08', 7500000, 0, 'Y', '006', 0);
INSERT INTO PRODUCT VALUES('W0105006BLS', '01', 'thumb006', '트윙클 무드 셔링 드레스', 158000, 20, 126400, 05, 006, '스킨 컬러가 살짝 비치는 긴팔 여름 드레스. 어깨 라인에 잡힌 셔링으로 여성스러워요:)', 'dt006', 126, '2020/06/12', '2020/05/06', '2020/06/08', 7500000, 0, 'Y', '006', 0);
INSERT INTO PRODUCT VALUES('W0105006BLM', '01', 'thumb006', '트윙클 무드 셔링 드레스', 158000, 20, 126400, 05, 006, '스킨 컬러가 살짝 비치는 긴팔 여름 드레스. 어깨 라인에 잡힌 셔링으로 여성스러워요:)', 'dt006', 126, '2020/06/12', '2020/05/06', '2020/06/08', 7500000, 0, 'Y', '006', 0);

INSERT INTO PRODUCT VALUES('W0105007WHS', '01', 'thumb007', '브리드 리넨 슬릿 원피스', 78000, 20, 62400, 05, 007, '구김이 잘 가지 않는 가공 리넨으로 걱정없이 입을 수 있어요. 앞쪽 슬릿으로 활동성 업!', 'dt007', 62, '2020/06/10', '2020/05/12', '2020/06/01', 2000000, 0, 'Y', '007', 0);
INSERT INTO PRODUCT VALUES('W0105007WHM', '01', 'thumb007', '브리드 리넨 슬릿 원피스', 78000, 20, 62400, 05, 007, '구김이 잘 가지 않는 가공 리넨으로 걱정없이 입을 수 있어요. 앞쪽 슬릿으로 활동성 업!', 'dt007', 62, '2020/06/10', '2020/05/12', '2020/06/01', 2000000, 0, 'Y', '007', 0);
INSERT INTO PRODUCT VALUES('W0105007WHL', '01', 'thumb007', '브리드 리넨 슬릿 원피스', 78000, 20, 62400, 05, 007, '구김이 잘 가지 않는 가공 리넨으로 걱정없이 입을 수 있어요. 앞쪽 슬릿으로 활동성 업!', 'dt007', 62, '2020/06/10', '2020/05/12', '2020/06/01', 2000000, 0, 'Y', '007', 0);
INSERT INTO PRODUCT VALUES('W0105007YLS', '01', 'thumb007', '브리드 리넨 슬릿 원피스', 78000, 20, 62400, 05, 007, '구김이 잘 가지 않는 가공 리넨으로 걱정없이 입을 수 있어요. 앞쪽 슬릿으로 활동성 업!', 'dt007', 62, '2020/06/10', '2020/05/12', '2020/06/01', 2000000, 0, 'Y', '007', 0);
INSERT INTO PRODUCT VALUES('W0105007YLM', '01', 'thumb007', '브리드 리넨 슬릿 원피스', 78000, 20, 62400, 05, 007, '구김이 잘 가지 않는 가공 리넨으로 걱정없이 입을 수 있어요. 앞쪽 슬릿으로 활동성 업!', 'dt007', 62, '2020/06/10', '2020/05/12', '2020/06/01', 2000000, 0, 'Y', '007', 0);
INSERT INTO PRODUCT VALUES('W0105007YLL', '01', 'thumb007', '브리드 리넨 슬릿 원피스', 78000, 20, 62400, 05, 007, '구김이 잘 가지 않는 가공 리넨으로 걱정없이 입을 수 있어요. 앞쪽 슬릿으로 활동성 업!', 'dt007', 62, '2020/06/10', '2020/05/12', '2020/06/01', 2000000, 0, 'Y', '007', 0);
INSERT INTO PRODUCT VALUES('W0105007GNL', '01', 'thumb007', '브리드 리넨 슬릿 원피스', 78000, 20, 62400, 05, 007, '구김이 잘 가지 않는 가공 리넨으로 걱정없이 입을 수 있어요. 앞쪽 슬릿으로 활동성 업!', 'dt007', 62, '2020/06/10', '2020/05/12', '2020/06/01', 2000000, 0, 'Y', '007', 0);

INSERT INTO PRODUCT VALUES('W0104008BKS', '01', 'thumb008', '하일리 데님 와이드 팬츠', 45000, 30, 31500, 04, 008, '히든 밴딩 하이웨스트로 실용성을 잡았습니다.', 'dt008', 31, '2020/08/14', '2020/06/30', '2020/07/25', 7800000, 0, 'N', '008', 0);
INSERT INTO PRODUCT VALUES('W0104008BKM', '01', 'thumb008', '하일리 데님 와이드 팬츠', 45000, 30, 31500, 04, 008, '히든 밴딩 하이웨스트로 실용성을 잡았습니다.', 'dt008', 31, '2020/08/14', '2020/06/30', '2020/07/25', 7800000, 0, 'N', '008', 0);
INSERT INTO PRODUCT VALUES('W0104008BKL', '01', 'thumb008', '하일리 데님 와이드 팬츠', 45000, 30, 31500, 04, 008, '히든 밴딩 하이웨스트로 실용성을 잡았습니다.', 'dt008', 31, '2020/08/14', '2020/06/30', '2020/07/25', 7800000, 0, 'N', '008', 0);
INSERT INTO PRODUCT VALUES('W0104008BLS', '01', 'thumb008', '하일리 데님 와이드 팬츠', 45000, 30, 31500, 04, 008, '히든 밴딩 하이웨스트로 실용성을 잡았습니다.', 'dt008', 31, '2020/08/14', '2020/06/30', '2020/07/25', 7800000, 0, 'N', '008', 0);
INSERT INTO PRODUCT VALUES('W0104008BLM', '01', 'thumb008', '하일리 데님 와이드 팬츠', 45000, 30, 31500, 04, 008, '히든 밴딩 하이웨스트로 실용성을 잡았습니다.', 'dt008', 31, '2020/08/14', '2020/06/30', '2020/07/25', 7800000, 0, 'N', '008', 0);
INSERT INTO PRODUCT VALUES('W0104008BLL', '01', 'thumb008', '하일리 데님 와이드 팬츠', 45000, 30, 31500, 04, 008, '히든 밴딩 하이웨스트로 실용성을 잡았습니다.', 'dt008', 31, '2020/08/14', '2020/06/30', '2020/07/25', 7800000, 0, 'N', '008', 0);

INSERT INTO PRODUCT VALUES('W0102009BKS', '01', 'thumb009', '엘리 벨벳 리본 블라우스', 37000, 20, 29600, 02, 009, '세련된 벨벳 소재로 소매의 리본 포인트가 귀엽습니다.', 'dt009', 37, '2020/08/04', '2020/06/21', '2020/07/05', 1800000, 0, 'N', '009', 0);
INSERT INTO PRODUCT VALUES('W0102009BKM', '01', 'thumb009', '엘리 벨벳 리본 블라우스', 37000, 20, 29600, 02, 009, '세련된 벨벳 소재로 소매의 리본 포인트가 귀엽습니다.', 'dt009', 37, '2020/08/04', '2020/06/21', '2020/07/05', 1800000, 0, 'N', '009', 0);
INSERT INTO PRODUCT VALUES('W0102009RDS', '01', 'thumb009', '엘리 벨벳 리본 블라우스', 37000, 20, 29600, 02, 009, '세련된 벨벳 소재로 소매의 리본 포인트가 귀엽습니다.', 'dt009', 37, '2020/08/04', '2020/06/21', '2020/07/05', 1800000, 0, 'N', '009', 0);
INSERT INTO PRODUCT VALUES('W0102009RDM', '01', 'thumb009', '엘리 벨벳 리본 블라우스', 37000, 20, 29600, 02, 009, '세련된 벨벳 소재로 소매의 리본 포인트가 귀엽습니다.', 'dt009', 37, '2020/08/04', '2020/06/21', '2020/07/05', 1800000, 0, 'N', '009', 0);
INSERT INTO PRODUCT VALUES('W0102009GRS', '01', 'thumb009', '엘리 벨벳 리본 블라우스', 37000, 20, 29600, 02, 009, '세련된 벨벳 소재로 소매의 리본 포인트가 귀엽습니다.', 'dt009', 37, '2020/08/04', '2020/06/21', '2020/07/05', 1800000, 0, 'N', '009', 0);
INSERT INTO PRODUCT VALUES('W0102009GRM', '01', 'thumb009', '엘리 벨벳 리본 블라우스', 37000, 20, 29600, 02, 009, '세련된 벨벳 소재로 소매의 리본 포인트가 귀엽습니다.', 'dt009', 37, '2020/08/04', '2020/06/21', '2020/07/05', 1800000, 0, 'N', '009', 0);

INSERT INTO PRODUCT VALUES('W0101010BKM', '01', 'thumb010', '트로이드 베이직 점퍼', 189000, 20, 151200, 01, 010, '스팽글과 비드 장식, 자수가 되어 있는 점퍼로 하나만 걸쳐도 유니크합니다', 'dt010', 300, '2020/06/23', '2020/05/31', '2020/06/13', 3500000, 0, 'Y', '010', 0);
INSERT INTO PRODUCT VALUES('W0101010BKL', '01', 'thumb010', '트로이드 베이직 점퍼', 189000, 20, 151200, 01, 010, '스팽글과 비드 장식, 자수가 되어 있는 점퍼로 하나만 걸쳐도 유니크합니다', 'dt010', 300, '2020/06/23', '2020/05/31', '2020/06/13', 3500000, 0, 'Y', '010', 0);
INSERT INTO PRODUCT VALUES('W0101010GRM', '01', 'thumb010', '트로이드 베이직 점퍼', 189000, 20, 151200, 01, 010, '스팽글과 비드 장식, 자수가 되어 있는 점퍼로 하나만 걸쳐도 유니크합니다', 'dt010', 300, '2020/06/23', '2020/05/31', '2020/06/13', 3500000, 0, 'Y', '010', 0);
INSERT INTO PRODUCT VALUES('W0101010GRL', '01', 'thumb010', '트로이드 베이직 점퍼', 189000, 20, 151200, 01, 010, '스팽글과 비드 장식, 자수가 되어 있는 점퍼로 하나만 걸쳐도 유니크합니다', 'dt010', 300, '2020/06/23', '2020/05/31', '2020/06/13', 3500000, 0, 'Y', '010', 0);
INSERT INTO PRODUCT VALUES('W0101010RDM', '01', 'thumb010', '트로이드 베이직 점퍼', 189000, 20, 151200, 01, 010, '스팽글과 비드 장식, 자수가 되어 있는 점퍼로 하나만 걸쳐도 유니크합니다', 'dt010', 300, '2020/06/23', '2020/05/31', '2020/06/13', 3500000, 0, 'Y', '010', 0);
INSERT INTO PRODUCT VALUES('W0101010RDL', '01', 'thumb010', '트로이드 베이직 점퍼', 189000, 20, 151200, 01, 010, '스팽글과 비드 장식, 자수가 되어 있는 점퍼로 하나만 걸쳐도 유니크합니다', 'dt010', 300, '2020/06/23', '2020/05/31', '2020/06/13', 3500000, 0, 'Y', '010', 0);
INSERT INTO PRODUCT VALUES('W0101010BLM', '01', 'thumb010', '트로이드 베이직 점퍼', 189000, 20, 151200, 01, 010, '스팽글과 비드 장식, 자수가 되어 있는 점퍼로 하나만 걸쳐도 유니크합니다', 'dt010', 300, '2020/06/23', '2020/05/31', '2020/06/13', 3500000, 0, 'Y', '010', 0);
INSERT INTO PRODUCT VALUES('W0101010BLL', '01', 'thumb010', '트로이드 베이직 점퍼', 189000, 20, 151200, 01, 010, '스팽글과 비드 장식, 자수가 되어 있는 점퍼로 하나만 걸쳐도 유니크합니다', 'dt010', 300, '2020/06/23', '2020/05/31', '2020/06/13', 3500000, 0, 'Y', '010', 0);

INSERT INTO PRODUCT VALUES('W0104011BKS', '01', 'thumb011', '원디 머메이드 스커트', 79000, 20, 63200, 04, 011, '사이드의 빅 버튼 포인트, 골반 라인은 잡아주어 날씬해 보여요!', 'dt011', 63, '2020/06/30', '2020/05/22', '2020/06/20', 3500000, 0, 'Y', '011', 0);
INSERT INTO PRODUCT VALUES('W0104011BKM', '01', 'thumb011', '원디 머메이드 스커트', 79000, 20, 63200, 04, 011, '사이드의 빅 버튼 포인트, 골반 라인은 잡아주어 날씬해 보여요!', 'dt011', 63, '2020/06/30', '2020/05/22', '2020/06/20', 3500000, 0, 'Y', '011', 0);
INSERT INTO PRODUCT VALUES('W0104011BKL', '01', 'thumb011', '원디 머메이드 스커트', 79000, 20, 63200, 04, 011, '사이드의 빅 버튼 포인트, 골반 라인은 잡아주어 날씬해 보여요!', 'dt011', 63, '2020/06/30', '2020/05/22', '2020/06/20', 3500000, 0, 'Y', '011', 0);
INSERT INTO PRODUCT VALUES('W0104011RDS', '01', 'thumb011', '원디 머메이드 스커트', 79000, 20, 63200, 04, 011, '사이드의 빅 버튼 포인트, 골반 라인은 잡아주어 날씬해 보여요!', 'dt011', 63, '2020/06/30', '2020/05/22', '2020/06/20', 3500000, 0, 'Y', '011', 0);
INSERT INTO PRODUCT VALUES('W0104011RDM', '01', 'thumb011', '원디 머메이드 스커트', 79000, 20, 63200, 04, 011, '사이드의 빅 버튼 포인트, 골반 라인은 잡아주어 날씬해 보여요!', 'dt011', 63, '2020/06/30', '2020/05/22', '2020/06/20', 3500000, 0, 'Y', '011', 0);
INSERT INTO PRODUCT VALUES('W0104011RDL', '01', 'thumb011', '원디 머메이드 스커트', 79000, 20, 63200, 04, 011, '사이드의 빅 버튼 포인트, 골반 라인은 잡아주어 날씬해 보여요!', 'dt011', 63, '2020/06/30', '2020/05/22', '2020/06/20', 3500000, 0, 'Y', '011', 0);

INSERT INTO PRODUCT VALUES('W0102012BKS', '01', 'thumb012', '실키 백 슬릿 블라우스', 95000, 30, 66500, 02, 012, '몸의 쉐입에 맞춰 부드럽게 떨어지는 실크 블라우스', 'dt012', 66, '2020/07/10', '2020/06/30', '2020/07/01', 2800000, 0, 'N', '012', 0);
INSERT INTO PRODUCT VALUES('W0102012BKM', '01', 'thumb012', '실키 백 슬릿 블라우스', 95000, 30, 66500, 02, 012, '몸의 쉐입에 맞춰 부드럽게 떨어지는 실크 블라우스', 'dt012', 66, '2020/07/10', '2020/06/30', '2020/07/01', 2800000, 0, 'N', '012', 0);
INSERT INTO PRODUCT VALUES('W0102012BKL', '01', 'thumb012', '실키 백 슬릿 블라우스', 95000, 30, 66500, 02, 012, '몸의 쉐입에 맞춰 부드럽게 떨어지는 실크 블라우스', 'dt012', 66, '2020/07/10', '2020/06/30', '2020/07/01', 2800000, 0, 'N', '012', 0);
INSERT INTO PRODUCT VALUES('W0102012BLS', '01', 'thumb012', '실키 백 슬릿 블라우스', 95000, 30, 66500, 02, 012, '몸의 쉐입에 맞춰 부드럽게 떨어지는 실크 블라우스', 'dt012', 66, '2020/07/10', '2020/06/30', '2020/07/01', 2800000, 0, 'N', '012', 0);
INSERT INTO PRODUCT VALUES('W0102012BLM', '01', 'thumb012', '실키 백 슬릿 블라우스', 95000, 30, 66500, 02, 012, '몸의 쉐입에 맞춰 부드럽게 떨어지는 실크 블라우스', 'dt012', 66, '2020/07/10', '2020/06/30', '2020/07/01', 2800000, 0, 'N', '012', 0);
INSERT INTO PRODUCT VALUES('W0102012BLL', '01', 'thumb012', '실키 백 슬릿 블라우스', 95000, 30, 66500, 02, 012, '몸의 쉐입에 맞춰 부드럽게 떨어지는 실크 블라우스', 'dt012', 66, '2020/07/10', '2020/06/30', '2020/07/01', 2800000, 0, 'N', '012', 0);
INSERT INTO PRODUCT VALUES('W0102012GNS', '01', 'thumb012', '실키 백 슬릿 블라우스', 95000, 30, 66500, 02, 012, '몸의 쉐입에 맞춰 부드럽게 떨어지는 실크 블라우스', 'dt012', 66, '2020/07/10', '2020/06/30', '2020/07/01', 2800000, 0, 'N', '012', 0);
INSERT INTO PRODUCT VALUES('W0102012GNM', '01', 'thumb012', '실키 백 슬릿 블라우스', 95000, 30, 66500, 02, 012, '몸의 쉐입에 맞춰 부드럽게 떨어지는 실크 블라우스', 'dt012', 66, '2020/07/10', '2020/06/30', '2020/07/01', 2800000, 0, 'N', '012', 0);
INSERT INTO PRODUCT VALUES('W0102012GNL', '01', 'thumb012', '실키 백 슬릿 블라우스', 95000, 30, 66500, 02, 012, '몸의 쉐입에 맞춰 부드럽게 떨어지는 실크 블라우스', 'dt012', 66, '2020/07/10', '2020/06/30', '2020/07/01', 2800000, 0, 'N', '012', 0);

INSERT INTO PRODUCT VALUES('W0105013BKS', '01', 'thumb013', '자가드 플라워 미니 원피스', 125000, 20, 100000, 05, 013, '캐주얼한 무드로 활용도가 높은 플라워 자가드 패턴 원피스', 'dt013', 100, '2020/06/22', '2020/05/28', '2020/06/17', 4000000, 0, 'N', '013', 0);
INSERT INTO PRODUCT VALUES('W0105013BKM', '01', 'thumb013', '자가드 플라워 미니 원피스', 125000, 20, 100000, 05, 013, '캐주얼한 무드로 활용도가 높은 플라워 자가드 패턴 원피스', 'dt013', 100, '2020/06/22', '2020/05/28', '2020/06/17', 4000000, 0, 'N', '013', 0);
INSERT INTO PRODUCT VALUES('W0105013BKL', '01', 'thumb013', '자가드 플라워 미니 원피스', 125000, 20, 100000, 05, 013, '캐주얼한 무드로 활용도가 높은 플라워 자가드 패턴 원피스', 'dt013', 100, '2020/06/22', '2020/05/28', '2020/06/17', 4000000, 0, 'N', '013', 0);
INSERT INTO PRODUCT VALUES('W0105013BLS', '01', 'thumb013', '자가드 플라워 미니 원피스', 125000, 20, 100000, 05, 013, '캐주얼한 무드로 활용도가 높은 플라워 자가드 패턴 원피스', 'dt013', 100, '2020/06/22', '2020/05/28', '2020/06/17', 4000000, 0, 'N', '013', 0);
INSERT INTO PRODUCT VALUES('W0105013BLM', '01', 'thumb013', '자가드 플라워 미니 원피스', 125000, 20, 100000, 05, 013, '캐주얼한 무드로 활용도가 높은 플라워 자가드 패턴 원피스', 'dt013', 100, '2020/06/22', '2020/05/28', '2020/06/17', 4000000, 0, 'N', '013', 0);
INSERT INTO PRODUCT VALUES('W0105013BLL', '01', 'thumb013', '자가드 플라워 미니 원피스', 125000, 20, 100000, 05, 013, '캐주얼한 무드로 활용도가 높은 플라워 자가드 패턴 원피스', 'dt013', 100, '2020/06/22', '2020/05/28', '2020/06/17', 4000000, 0, 'N', '013', 0);
INSERT INTO PRODUCT VALUES('W0105013RDS', '01', 'thumb013', '자가드 플라워 미니 원피스', 125000, 20, 100000, 05, 013, '캐주얼한 무드로 활용도가 높은 플라워 자가드 패턴 원피스', 'dt013', 100, '2020/06/22', '2020/05/28', '2020/06/17', 4000000, 0, 'N', '013', 0);
INSERT INTO PRODUCT VALUES('W0105013RDM', '01', 'thumb013', '자가드 플라워 미니 원피스', 125000, 20, 100000, 05, 013, '캐주얼한 무드로 활용도가 높은 플라워 자가드 패턴 원피스', 'dt013', 100, '2020/06/22', '2020/05/28', '2020/06/17', 4000000, 0, 'N', '013', 0);
INSERT INTO PRODUCT VALUES('W0105013RDL', '01', 'thumb013', '자가드 플라워 미니 원피스', 125000, 20, 100000, 05, 013, '캐주얼한 무드로 활용도가 높은 플라워 자가드 패턴 원피스', 'dt013', 100, '2020/06/22', '2020/05/28', '2020/06/17', 4000000, 0, 'N', '013', 0);
INSERT INTO PRODUCT VALUES('W0105013YLS', '01', 'thumb013', '자가드 플라워 미니 원피스', 125000, 20, 100000, 05, 013, '캐주얼한 무드로 활용도가 높은 플라워 자가드 패턴 원피스', 'dt013', 100, '2020/06/22', '2020/05/28', '2020/06/17', 4000000, 0, 'N', '013', 0);
INSERT INTO PRODUCT VALUES('W0105013YLM', '01', 'thumb013', '자가드 플라워 미니 원피스', 125000, 20, 100000, 05, 013, '캐주얼한 무드로 활용도가 높은 플라워 자가드 패턴 원피스', 'dt013', 100, '2020/06/22', '2020/05/28', '2020/06/17', 4000000, 0, 'N', '013', 0);
INSERT INTO PRODUCT VALUES('W0105013YLL', '01', 'thumb013', '자가드 플라워 미니 원피스', 125000, 20, 100000, 05, 013, '캐주얼한 무드로 활용도가 높은 플라워 자가드 패턴 원피스', 'dt013', 100, '2020/06/22', '2020/05/28', '2020/06/17', 4000000, 0, 'N', '013', 0);

INSERT INTO PRODUCT VALUES('W0103014BKS', '01', 'thumb014', '포레스트 보이핏 코튼 팬츠', 75000, 40, 45000, 03, 014, '심플하고 고급스러운 무드의 코튼 팬츠. 베이직한 디자인으로 컬러별로 소장하기 좋은 아이템.', 'dt014', 45, '2020/05/01', '2020/04/15', '2020/04/30', 2000000, 0, 'Y', '014', 0);
INSERT INTO PRODUCT VALUES('W0103014BKM', '01', 'thumb014', '포레스트 보이핏 코튼 팬츠', 75000, 40, 45000, 03, 014, '심플하고 고급스러운 무드의 코튼 팬츠. 베이직한 디자인으로 컬러별로 소장하기 좋은 아이템.', 'dt014', 45, '2020/05/01', '2020/04/15', '2020/04/30', 2000000, 0, 'Y', '014', 0);
INSERT INTO PRODUCT VALUES('W0103014BLS', '01', 'thumb014', '포레스트 보이핏 코튼 팬츠', 75000, 40, 45000, 03, 014, '심플하고 고급스러운 무드의 코튼 팬츠. 베이직한 디자인으로 컬러별로 소장하기 좋은 아이템.', 'dt014', 45, '2020/05/01', '2020/04/15', '2020/04/30', 2000000, 0, 'Y', '014', 0);
INSERT INTO PRODUCT VALUES('W0103014BLM', '01', 'thumb014', '포레스트 보이핏 코튼 팬츠', 75000, 40, 45000, 03, 014, '심플하고 고급스러운 무드의 코튼 팬츠. 베이직한 디자인으로 컬러별로 소장하기 좋은 아이템.', 'dt014', 45, '2020/05/01', '2020/04/15', '2020/04/30', 2000000, 0, 'Y', '014', 0);
INSERT INTO PRODUCT VALUES('W0103014WHS', '01', 'thumb014', '포레스트 보이핏 코튼 팬츠', 75000, 40, 45000, 03, 014, '심플하고 고급스러운 무드의 코튼 팬츠. 베이직한 디자인으로 컬러별로 소장하기 좋은 아이템.', 'dt014', 45, '2020/05/01', '2020/04/15', '2020/04/30', 2000000, 0, 'Y', '014', 0);
INSERT INTO PRODUCT VALUES('W0103014WHM', '01', 'thumb014', '포레스트 보이핏 코튼 팬츠', 75000, 40, 45000, 03, 014, '심플하고 고급스러운 무드의 코튼 팬츠. 베이직한 디자인으로 컬러별로 소장하기 좋은 아이템.', 'dt014', 45, '2020/05/01', '2020/04/15', '2020/04/30', 2000000, 0, 'Y', '014', 0);
INSERT INTO PRODUCT VALUES('W0103014GNS', '01', 'thumb014', '포레스트 보이핏 코튼 팬츠', 75000, 40, 45000, 03, 014, '심플하고 고급스러운 무드의 코튼 팬츠. 베이직한 디자인으로 컬러별로 소장하기 좋은 아이템.', 'dt014', 45, '2020/05/01', '2020/04/15', '2020/04/30', 2000000, 0, 'Y', '014', 0);
INSERT INTO PRODUCT VALUES('W0103014GNM', '01', 'thumb014', '포레스트 보이핏 코튼 팬츠', 75000, 40, 45000, 03, 014, '심플하고 고급스러운 무드의 코튼 팬츠. 베이직한 디자인으로 컬러별로 소장하기 좋은 아이템.', 'dt014', 45, '2020/05/01', '2020/04/15', '2020/04/30', 2000000, 0, 'Y', '014', 0);

INSERT INTO PRODUCT VALUES('W0104015BKS', '01', 'thumb015', '핏 워싱 스트레이트 데님 팬츠', 88000, 30, 61600, 04, 015, '빈티지한 워싱의 스트레이트 데님 팬츠. 탄탄하고 우수한 신축성으로 편안한 착용감.', 'dt015', 61, '2020/05/26', '2020/04/28', '2020/05/20', 2800000, 0, 'Y', '015', 0);
INSERT INTO PRODUCT VALUES('W0104015BKM', '01', 'thumb015', '핏 워싱 스트레이트 데님 팬츠', 88000, 30, 61600, 04, 015, '빈티지한 워싱의 스트레이트 데님 팬츠. 탄탄하고 우수한 신축성으로 편안한 착용감.', 'dt015', 61, '2020/05/26', '2020/04/28', '2020/05/20', 2800000, 0, 'Y', '015', 0);
INSERT INTO PRODUCT VALUES('W0104015BKL', '01', 'thumb015', '핏 워싱 스트레이트 데님 팬츠', 88000, 30, 61600, 04, 015, '빈티지한 워싱의 스트레이트 데님 팬츠. 탄탄하고 우수한 신축성으로 편안한 착용감.', 'dt015', 61, '2020/05/26', '2020/04/28', '2020/05/20', 2800000, 0, 'Y', '015', 0);
INSERT INTO PRODUCT VALUES('W0104015BLS', '01', 'thumb015', '핏 워싱 스트레이트 데님 팬츠', 88000, 30, 61600, 04, 015, '빈티지한 워싱의 스트레이트 데님 팬츠. 탄탄하고 우수한 신축성으로 편안한 착용감.', 'dt015', 61, '2020/05/26', '2020/04/28', '2020/05/20', 2800000, 0, 'Y', '015', 0);
INSERT INTO PRODUCT VALUES('W0104015BLM', '01', 'thumb015', '핏 워싱 스트레이트 데님 팬츠', 88000, 30, 61600, 04, 015, '빈티지한 워싱의 스트레이트 데님 팬츠. 탄탄하고 우수한 신축성으로 편안한 착용감.', 'dt015', 61, '2020/05/26', '2020/04/28', '2020/05/20', 2800000, 0, 'Y', '015', 0);
INSERT INTO PRODUCT VALUES('W0104015BLL', '01', 'thumb015', '핏 워싱 스트레이트 데님 팬츠', 88000, 30, 61600, 04, 015, '빈티지한 워싱의 스트레이트 데님 팬츠. 탄탄하고 우수한 신축성으로 편안한 착용감.', 'dt015', 61, '2020/05/26', '2020/04/28', '2020/05/20', 2800000, 0, 'Y', '015', 0);
INSERT INTO PRODUCT VALUES('W0104015WHS', '01', 'thumb015', '핏 워싱 스트레이트 데님 팬츠', 88000, 30, 61600, 04, 015, '빈티지한 워싱의 스트레이트 데님 팬츠. 탄탄하고 우수한 신축성으로 편안한 착용감.', 'dt015', 61, '2020/05/26', '2020/04/28', '2020/05/20', 2800000, 0, 'Y', '015', 0);
INSERT INTO PRODUCT VALUES('W0104015WHM', '01', 'thumb015', '핏 워싱 스트레이트 데님 팬츠', 88000, 30, 61600, 04, 015, '빈티지한 워싱의 스트레이트 데님 팬츠. 탄탄하고 우수한 신축성으로 편안한 착용감.', 'dt015', 61, '2020/05/26', '2020/04/28', '2020/05/20', 2800000, 0, 'Y', '015', 0);
INSERT INTO PRODUCT VALUES('W0104015WHL', '01', 'thumb015', '핏 워싱 스트레이트 데님 팬츠', 88000, 30, 61600, 04, 015, '빈티지한 워싱의 스트레이트 데님 팬츠. 탄탄하고 우수한 신축성으로 편안한 착용감.', 'dt015', 61, '2020/05/26', '2020/04/28', '2020/05/20', 2800000, 0, 'Y', '015', 0);

INSERT INTO PRODUCT VALUES('W0102016WHS', '01', 'thumb016', '실키 드라이 프릴 리본 블라우스', 138000, 20, 110400, 04, 016, '시원하고 가벼운 실크 블라우스. S/S 시즌 포인트 주기 좋은 차분한 컬러 구성.', 'dt016', 110, '2020/05/18', '2020/04/12', '2020/05/10', 6300000, 0, 'Y', '016', 0);
INSERT INTO PRODUCT VALUES('W0102016WHM', '01', 'thumb016', '실키 드라이 프릴 리본 블라우스', 138000, 20, 110400, 04, 016, '시원하고 가벼운 실크 블라우스. S/S 시즌 포인트 주기 좋은 차분한 컬러 구성.', 'dt016', 110, '2020/05/18', '2020/04/12', '2020/05/10', 6300000, 0, 'Y', '016', 0);
INSERT INTO PRODUCT VALUES('W0102016WHL', '01', 'thumb016', '실키 드라이 프릴 리본 블라우스', 138000, 20, 110400, 04, 016, '시원하고 가벼운 실크 블라우스. S/S 시즌 포인트 주기 좋은 차분한 컬러 구성.', 'dt016', 110, '2020/05/18', '2020/04/12', '2020/05/10', 6300000, 0, 'Y', '016', 0);
INSERT INTO PRODUCT VALUES('W0102016BKS', '01', 'thumb016', '실키 드라이 프릴 리본 블라우스', 138000, 20, 110400, 04, 016, '시원하고 가벼운 실크 블라우스. S/S 시즌 포인트 주기 좋은 차분한 컬러 구성.', 'dt016', 110, '2020/05/18', '2020/04/12', '2020/05/10', 6300000, 0, 'Y', '016', 0);
INSERT INTO PRODUCT VALUES('W0102016BKM', '01', 'thumb016', '실키 드라이 프릴 리본 블라우스', 138000, 20, 110400, 04, 016, '시원하고 가벼운 실크 블라우스. S/S 시즌 포인트 주기 좋은 차분한 컬러 구성.', 'dt016', 110, '2020/05/18', '2020/04/12', '2020/05/10', 6300000, 0, 'Y', '016', 0);
INSERT INTO PRODUCT VALUES('W0102016BKL', '01', 'thumb016', '실키 드라이 프릴 리본 블라우스', 138000, 20, 110400, 04, 016, '시원하고 가벼운 실크 블라우스. S/S 시즌 포인트 주기 좋은 차분한 컬러 구성.', 'dt016', 110, '2020/05/18', '2020/04/12', '2020/05/10', 6300000, 0, 'Y', '016', 0);
INSERT INTO PRODUCT VALUES('W0102016BLS', '01', 'thumb016', '실키 드라이 프릴 리본 블라우스', 138000, 20, 110400, 04, 016, '시원하고 가벼운 실크 블라우스. S/S 시즌 포인트 주기 좋은 차분한 컬러 구성.', 'dt016', 110, '2020/05/18', '2020/04/12', '2020/05/10', 6300000, 0, 'Y', '016', 0);
INSERT INTO PRODUCT VALUES('W0102016BLM', '01', 'thumb016', '실키 드라이 프릴 리본 블라우스', 138000, 20, 110400, 04, 016, '시원하고 가벼운 실크 블라우스. S/S 시즌 포인트 주기 좋은 차분한 컬러 구성.', 'dt016', 110, '2020/05/18', '2020/04/12', '2020/05/10', 6300000, 0, 'Y', '016', 0);
INSERT INTO PRODUCT VALUES('W0102016BLL', '01', 'thumb016', '실키 드라이 프릴 리본 블라우스', 138000, 20, 110400, 04, 016, '시원하고 가벼운 실크 블라우스. S/S 시즌 포인트 주기 좋은 차분한 컬러 구성.', 'dt016', 110, '2020/05/18', '2020/04/12', '2020/05/10', 6300000, 0, 'Y', '016', 0);
INSERT INTO PRODUCT VALUES('W0102016GNS', '01', 'thumb016', '실키 드라이 프릴 리본 블라우스', 138000, 20, 110400, 04, 016, '시원하고 가벼운 실크 블라우스. S/S 시즌 포인트 주기 좋은 차분한 컬러 구성.', 'dt016', 110, '2020/05/18', '2020/04/12', '2020/05/10', 6300000, 0, 'Y', '016', 0);
INSERT INTO PRODUCT VALUES('W0102016GNM', '01', 'thumb016', '실키 드라이 프릴 리본 블라우스', 138000, 20, 110400, 04, 016, '시원하고 가벼운 실크 블라우스. S/S 시즌 포인트 주기 좋은 차분한 컬러 구성.', 'dt016', 110, '2020/05/18', '2020/04/12', '2020/05/10', 6300000, 0, 'Y', '016', 0);
INSERT INTO PRODUCT VALUES('W0102016GNL', '01', 'thumb016', '실키 드라이 프릴 리본 블라우스', 138000, 20, 110400, 04, 016, '시원하고 가벼운 실크 블라우스. S/S 시즌 포인트 주기 좋은 차분한 컬러 구성.', 'dt016', 110, '2020/05/18', '2020/04/12', '2020/05/10', 6300000, 0, 'Y', '016', 0);

INSERT INTO PRODUCT VALUES('W0103017BLS', '01', 'thumb017', '프린 펀칭 버튼 스커트', 73000, 20, 58400, 03, 017, '심플한 디자인으로 손쉽게 코디할 수 있는 펀칭 스커트. 포멀한 자켓과 코디해 보세요!', 'dt017', 58, '2020/05/20', '2020/04/28', '2020/05/14', 2500000, 0, 'Y', '017', 0);
INSERT INTO PRODUCT VALUES('W0103017BLM', '01', 'thumb017', '프린 펀칭 버튼 스커트', 73000, 20, 58400, 03, 017, '심플한 디자인으로 손쉽게 코디할 수 있는 펀칭 스커트. 포멀한 자켓과 코디해 보세요!', 'dt017', 58, '2020/05/20', '2020/04/28', '2020/05/14', 2500000, 0, 'Y', '017', 0);
INSERT INTO PRODUCT VALUES('W0103017RDS', '01', 'thumb017', '프린 펀칭 버튼 스커트', 73000, 20, 58400, 03, 017, '심플한 디자인으로 손쉽게 코디할 수 있는 펀칭 스커트. 포멀한 자켓과 코디해 보세요!', 'dt017', 58, '2020/05/20', '2020/04/28', '2020/05/14', 2500000, 0, 'Y', '017', 0);
INSERT INTO PRODUCT VALUES('W0103017RDM', '01', 'thumb017', '프린 펀칭 버튼 스커트', 73000, 20, 58400, 03, 017, '심플한 디자인으로 손쉽게 코디할 수 있는 펀칭 스커트. 포멀한 자켓과 코디해 보세요!', 'dt017', 58, '2020/05/20', '2020/04/28', '2020/05/14', 2500000, 0, 'Y', '017', 0);
INSERT INTO PRODUCT VALUES('W0103017GNS', '01', 'thumb017', '프린 펀칭 버튼 스커트', 73000, 20, 58400, 03, 017, '심플한 디자인으로 손쉽게 코디할 수 있는 펀칭 스커트. 포멀한 자켓과 코디해 보세요!', 'dt017', 58, '2020/05/20', '2020/04/28', '2020/05/14', 2500000, 0, 'Y', '017', 0);
INSERT INTO PRODUCT VALUES('W0103017GNM', '01', 'thumb017', '프린 펀칭 버튼 스커트', 73000, 20, 58400, 03, 017, '심플한 디자인으로 손쉽게 코디할 수 있는 펀칭 스커트. 포멀한 자켓과 코디해 보세요!', 'dt017', 58, '2020/05/20', '2020/04/28', '2020/05/14', 2500000, 0, 'Y', '017', 0);
INSERT INTO PRODUCT VALUES('W0103017YLS', '01', 'thumb017', '프린 펀칭 버튼 스커트', 73000, 20, 58400, 03, 017, '심플한 디자인으로 손쉽게 코디할 수 있는 펀칭 스커트. 포멀한 자켓과 코디해 보세요!', 'dt017', 58, '2020/05/20', '2020/04/28', '2020/05/14', 2500000, 0, 'Y', '017', 0);
INSERT INTO PRODUCT VALUES('W0103017YLM', '01', 'thumb017', '프린 펀칭 버튼 스커트', 73000, 20, 58400, 03, 017, '심플한 디자인으로 손쉽게 코디할 수 있는 펀칭 스커트. 포멀한 자켓과 코디해 보세요!', 'dt017', 58, '2020/05/20', '2020/04/28', '2020/05/14', 2500000, 0, 'Y', '017', 0);

INSERT INTO PRODUCT VALUES('W0103018BKS', '01', 'thumb018', '마린 플로럴 스트링 롱스커트', 128000, 30, 102400, 03, 018, '뒷 밴딩. 화사한 플라워 패턴의 롱스커트. 사이드 스트링 디테일로 다양한 코디 가능.', 'dt018', 102, '2020/05/30', '2020/05/07', '2020/05/24', 4000000, 0, 'Y', '018', 0);
INSERT INTO PRODUCT VALUES('W0103018BKM', '01', 'thumb018', '마린 플로럴 스트링 롱스커트', 128000, 30, 102400, 03, 018, '뒷 밴딩. 화사한 플라워 패턴의 롱스커트. 사이드 스트링 디테일로 다양한 코디 가능.', 'dt018', 102, '2020/05/30', '2020/05/07', '2020/05/24', 4000000, 0, 'Y', '018', 0);
INSERT INTO PRODUCT VALUES('W0103018BKL', '01', 'thumb018', '마린 플로럴 스트링 롱스커트', 128000, 30, 102400, 03, 018, '뒷 밴딩. 화사한 플라워 패턴의 롱스커트. 사이드 스트링 디테일로 다양한 코디 가능.', 'dt018', 102, '2020/05/30', '2020/05/07', '2020/05/24', 4000000, 0, 'Y', '018', 0);
INSERT INTO PRODUCT VALUES('W0103018BLS', '01', 'thumb018', '마린 플로럴 스트링 롱스커트', 128000, 30, 102400, 03, 018, '뒷 밴딩. 화사한 플라워 패턴의 롱스커트. 사이드 스트링 디테일로 다양한 코디 가능.', 'dt018', 102, '2020/05/30', '2020/05/07', '2020/05/24', 4000000, 0, 'Y', '018', 0);
INSERT INTO PRODUCT VALUES('W0103018BLM', '01', 'thumb018', '마린 플로럴 스트링 롱스커트', 128000, 30, 102400, 03, 018, '뒷 밴딩. 화사한 플라워 패턴의 롱스커트. 사이드 스트링 디테일로 다양한 코디 가능.', 'dt018', 102, '2020/05/30', '2020/05/07', '2020/05/24', 4000000, 0, 'Y', '018', 0);
INSERT INTO PRODUCT VALUES('W0103018BLL', '01', 'thumb018', '마린 플로럴 스트링 롱스커트', 128000, 30, 102400, 03, 018, '뒷 밴딩. 화사한 플라워 패턴의 롱스커트. 사이드 스트링 디테일로 다양한 코디 가능.', 'dt018', 102, '2020/05/30', '2020/05/07', '2020/05/24', 4000000, 0, 'Y', '018', 0);

INSERT INTO PRODUCT VALUES('W0101019BKS', '01', 'thumb019', '제누스 스탠다드 싱글 재킷', 98000, 10, 88200, 01, 019, '캐주얼하고 활용도가 높은 자켓. 적당히 여유있는 박시핏으로 멋스러운 실루엣 연출.', 'dt019', 98, '2020/06/01', '2020/05/10', '2020/05/27', 5000000, 0, 'Y', '019', 0);
INSERT INTO PRODUCT VALUES('W0101019BKM', '01', 'thumb019', '제누스 스탠다드 싱글 재킷', 98000, 10, 88200, 01, 019, '캐주얼하고 활용도가 높은 자켓. 적당히 여유있는 박시핏으로 멋스러운 실루엣 연출.', 'dt019', 98, '2020/06/01', '2020/05/10', '2020/05/27', 5000000, 0, 'Y', '019', 0);
INSERT INTO PRODUCT VALUES('W0101019BLS', '01', 'thumb019', '제누스 스탠다드 싱글 재킷', 98000, 10, 88200, 01, 019, '캐주얼하고 활용도가 높은 자켓. 적당히 여유있는 박시핏으로 멋스러운 실루엣 연출.', 'dt019', 98, '2020/06/01', '2020/05/10', '2020/05/27', 5000000, 0, 'Y', '019', 0);
INSERT INTO PRODUCT VALUES('W0101019BLM', '01', 'thumb019', '제누스 스탠다드 싱글 재킷', 98000, 10, 88200, 01, 019, '캐주얼하고 활용도가 높은 자켓. 적당히 여유있는 박시핏으로 멋스러운 실루엣 연출.', 'dt019', 98, '2020/06/01', '2020/05/10', '2020/05/27', 5000000, 0, 'Y', '019', 0);
INSERT INTO PRODUCT VALUES('W0101019GNS', '01', 'thumb019', '제누스 스탠다드 싱글 재킷', 98000, 10, 88200, 01, 019, '캐주얼하고 활용도가 높은 자켓. 적당히 여유있는 박시핏으로 멋스러운 실루엣 연출.', 'dt019', 98, '2020/06/01', '2020/05/10', '2020/05/27', 5000000, 0, 'Y', '019', 0);
INSERT INTO PRODUCT VALUES('W0101019GNM', '01', 'thumb019', '제누스 스탠다드 싱글 재킷', 98000, 10, 88200, 01, 019, '캐주얼하고 활용도가 높은 자켓. 적당히 여유있는 박시핏으로 멋스러운 실루엣 연출.', 'dt019', 98, '2020/06/01', '2020/05/10', '2020/05/27', 5000000, 0, 'Y', '019', 0);
INSERT INTO PRODUCT VALUES('W0101019YLS', '01', 'thumb019', '제누스 스탠다드 싱글 재킷', 98000, 10, 88200, 01, 019, '캐주얼하고 활용도가 높은 자켓. 적당히 여유있는 박시핏으로 멋스러운 실루엣 연출.', 'dt019', 98, '2020/06/01', '2020/05/10', '2020/05/27', 5000000, 0, 'Y', '019', 0);
INSERT INTO PRODUCT VALUES('W0101019YLM', '01', 'thumb019', '제누스 스탠다드 싱글 재킷', 98000, 10, 88200, 01, 019, '캐주얼하고 활용도가 높은 자켓. 적당히 여유있는 박시핏으로 멋스러운 실루엣 연출.', 'dt019', 98, '2020/06/01', '2020/05/10', '2020/05/27', 5000000, 0, 'Y', '019', 0);
INSERT INTO PRODUCT VALUES('W0105020BKS', '01', 'thumb020', '캐시 스퀘어넥 미니 원피스', 118000, 10, 106200, 05, 020, '쉬폰 반팔 미니 원피스. 톤 다운된 체크 패턴으로 단정하고 깔끔하게 코디 가능합니다.', 'dt020', 100, '2020/06/11', '2020/05/20', '2020/05/30', 2000000, 0, 'Y', '020', 0);
INSERT INTO PRODUCT VALUES('W0105020BKM', '01', 'thumb020', '캐시 스퀘어넥 미니 원피스', 118000, 10, 106200, 05, 020, '쉬폰 반팔 미니 원피스. 톤 다운된 체크 패턴으로 단정하고 깔끔하게 코디 가능합니다.', 'dt020', 100, '2020/06/11', '2020/05/20', '2020/05/30', 2000000, 0, 'Y', '020', 0);
INSERT INTO PRODUCT VALUES('W0105020BKL', '01', 'thumb020', '캐시 스퀘어넥 미니 원피스', 118000, 10, 106200, 05, 020, '쉬폰 반팔 미니 원피스. 톤 다운된 체크 패턴으로 단정하고 깔끔하게 코디 가능합니다.', 'dt020', 100, '2020/06/11', '2020/05/20', '2020/05/30', 2000000, 0, 'Y', '020', 0);
INSERT INTO PRODUCT VALUES('W0105020YLS', '01', 'thumb020', '캐시 스퀘어넥 미니 원피스', 118000, 10, 106200, 05, 020, '쉬폰 반팔 미니 원피스. 톤 다운된 체크 패턴으로 단정하고 깔끔하게 코디 가능합니다.', 'dt020', 100, '2020/06/11', '2020/05/20', '2020/05/30', 2000000, 0, 'Y', '020', 0);
INSERT INTO PRODUCT VALUES('W0105020YLM', '01', 'thumb020', '캐시 스퀘어넥 미니 원피스', 118000, 10, 106200, 05, 020, '쉬폰 반팔 미니 원피스. 톤 다운된 체크 패턴으로 단정하고 깔끔하게 코디 가능합니다.', 'dt020', 100, '2020/06/11', '2020/05/20', '2020/05/30', 2000000, 0, 'Y', '020', 0);
INSERT INTO PRODUCT VALUES('W0105020GNS', '01', 'thumb020', '캐시 스퀘어넥 미니 원피스', 118000, 10, 106200, 05, 020, '쉬폰 반팔 미니 원피스. 톤 다운된 체크 패턴으로 단정하고 깔끔하게 코디 가능합니다.', 'dt020', 100, '2020/06/11', '2020/05/20', '2020/05/30', 2000000, 0, 'Y', '020', 0);
INSERT INTO PRODUCT VALUES('W0105020GNM', '01', 'thumb020', '캐시 스퀘어넥 미니 원피스', 118000, 10, 106200, 05, 020, '쉬폰 반팔 미니 원피스. 톤 다운된 체크 패턴으로 단정하고 깔끔하게 코디 가능합니다.', 'dt020', 100, '2020/06/11', '2020/05/20', '2020/05/30', 2000000, 0, 'Y', '020', 0);
INSERT INTO PRODUCT VALUES('W0105020BLS', '01', 'thumb020', '캐시 스퀘어넥 미니 원피스', 118000, 10, 106200, 05, 020, '쉬폰 반팔 미니 원피스. 톤 다운된 체크 패턴으로 단정하고 깔끔하게 코디 가능합니다.', 'dt020', 100, '2020/06/11', '2020/05/20', '2020/05/30', 2000000, 0, 'Y', '020', 0);
INSERT INTO PRODUCT VALUES('W0105020BLM', '01', 'thumb020', '캐시 스퀘어넥 미니 원피스', 118000, 10, 106200, 05, 020, '쉬폰 반팔 미니 원피스. 톤 다운된 체크 패턴으로 단정하고 깔끔하게 코디 가능합니다.', 'dt020', 100, '2020/06/11', '2020/05/20', '2020/05/30', 2000000, 0, 'Y', '020', 0);


INSERT INTO PRODUCT VALUES('M0401061BKS', '04', 'thumb061', '파리엔 부클 무스탕', 100000, 10, 900000, 01, 061, '패딩의 따뜻함과 무스탕의 스타일을 한 번에 챙겼습니다.', 'dt061', 151, '2020/07/30', '2020/04/01', '2020/07/25', 3000000, 0, 'N', '061', 0);
INSERT INTO PRODUCT VALUES('M0401062BKM', '04', 'thumb061', '파리엔 부클 무스탕', 100000, 10, 900000, 01, 062, '패딩의 따뜻함과 무스탕의 스타일을 한 번에 챙겼습니다.', 'dt061', 151, '2020/07/30', '2020/04/01', '2020/07/25', 3000000, 0, 'N', '061', 0);
INSERT INTO PRODUCT VALUES('M0401063BKL', '04', 'thumb061', '파리엔 부클 무스탕', 100000, 10, 900000, 01, 063, '패딩의 따뜻함과 무스탕의 스타일을 한 번에 챙겼습니다.', 'dt061', 151, '2020/07/30', '2020/04/01', '2020/07/25', 3000000, 0, 'N', '061', 0);
INSERT INTO PRODUCT VALUES('M0401064BLS', '04', 'thumb061', '파리엔 부클 무스탕', 100000, 10, 900000, 01, 064, '패딩의 따뜻함과 무스탕의 스타일을 한 번에 챙겼습니다.', 'dt061', 151, '2020/07/30', '2020/04/01', '2020/07/25', 3000000, 0, 'N', '061', 0);
INSERT INTO PRODUCT VALUES('M0401065BLM', '04', 'thumb061', '파리엔 부클 무스탕', 100000, 10, 900000, 01, 065, '패딩의 따뜻함과 무스탕의 스타일을 한 번에 챙겼습니다.', 'dt061', 151, '2020/07/30', '2020/04/01', '2020/07/25', 3000000, 0, 'N', '061', 0);
INSERT INTO PRODUCT VALUES('M0401066BLL', '04', 'thumb061', '파리엔 부클 무스탕', 100000, 10, 900000, 01, 066, '패딩의 따뜻함과 무스탕의 스타일을 한 번에 챙겼습니다.', 'dt061', 151, '2020/07/30', '2020/04/01', '2020/07/25', 3000000, 0, 'N', '061', 0);

INSERT INTO PRODUCT VALUES('M0401067WHS', '04', 'thumb067', '오리털 덕다운 라쿤 패딩점퍼', 180000, 20, 144000, 01, 067, '아무거나 입지 마세요.', 'dt067', 200, '2020/08/30', '2020/05/01', '2020/08/25', 3000000, 0, 'Y', '067', 0);
INSERT INTO PRODUCT VALUES('M0401068WHM', '04', 'thumb067', '오리털 덕다운 라쿤 패딩점퍼', 180000, 20, 144000, 01, 068, '아무거나 입지 마세요.', 'dt067', 200, '2020/08/30', '2020/05/01', '2020/08/25', 3000000, 0, 'Y', '067', 0);
INSERT INTO PRODUCT VALUES('M0401069WHL', '04', 'thumb067', '오리털 덕다운 라쿤 패딩점퍼', 180000, 20, 144000, 01, 069, '아무거나 입지 마세요.', 'dt067', 200, '2020/08/30', '2020/05/01', '2020/08/25', 3000000, 0, 'Y', '067', 0);
INSERT INTO PRODUCT VALUES('M0401070KHS', '04', 'thumb067', '오리털 덕다운 라쿤 패딩점퍼', 180000, 20, 144000, 01, 070, '아무거나 입지 마세요.', 'dt067', 200, '2020/08/30', '2020/05/01', '2020/08/25', 3000000, 0, 'Y', '067', 0);
INSERT INTO PRODUCT VALUES('M0401071KHM', '04', 'thumb067', '오리털 덕다운 라쿤 패딩점퍼', 180000, 20, 144000, 01, 071, '아무거나 입지 마세요.', 'dt067', 200, '2020/08/30', '2020/05/01', '2020/08/25', 3000000, 0, 'Y', '067', 0);
INSERT INTO PRODUCT VALUES('M0401072KHL', '04', 'thumb067', '오리털 덕다운 라쿤 패딩점퍼', 180000, 20, 144000, 01, 072, '아무거나 입지 마세요.', 'dt067', 200, '2020/08/30', '2020/05/01', '2020/08/25', 3000000, 0, 'Y', '067', 0);

INSERT INTO PRODUCT VALUES('M0402073RDS', '04', 'thumb073', '링클프리 테일러 ST 셔츠', 34000, 10, 30600, 02, 073, '댄디한 스타일을 잘 표현할 수 있는 스트라이프 서츠.', 'dt073', 50, '2020/10/01', '2020/06/01', '2020/09/25', 500000, 0, 'N', '073', 0);
INSERT INTO PRODUCT VALUES('M0402074RDM', '04', 'thumb073', '링클프리 테일러 ST 셔츠', 34000, 10, 30600, 02, 073, '댄디한 스타일을 잘 표현할 수 있는 스트라이프 서츠.', 'dt073', 50, '2020/10/01', '2020/06/01', '2020/09/25', 500000, 0, 'N', '073', 0);
INSERT INTO PRODUCT VALUES('M0402075RDL', '04', 'thumb073', '링클프리 테일러 ST 셔츠', 34000, 10, 30600, 02, 073, '댄디한 스타일을 잘 표현할 수 있는 스트라이프 서츠.', 'dt073', 50, '2020/10/01', '2020/06/01', '2020/09/25', 500000, 0, 'N', '073', 0);
INSERT INTO PRODUCT VALUES('M0402076WHS', '04', 'thumb073', '링클프리 테일러 ST 셔츠', 34000, 10, 30600, 02, 073, '댄디한 스타일을 잘 표현할 수 있는 스트라이프 서츠.', 'dt073', 50, '2020/10/01', '2020/06/01', '2020/09/25', 500000, 0, 'N', '073', 0);
INSERT INTO PRODUCT VALUES('M0402077WHM', '04', 'thumb073', '링클프리 테일러 ST 셔츠', 34000, 10, 30600, 02, 073, '댄디한 스타일을 잘 표현할 수 있는 스트라이프 서츠.', 'dt073', 50, '2020/10/01', '2020/06/01', '2020/09/25', 500000, 0, 'N', '073', 0);
INSERT INTO PRODUCT VALUES('M0402078WHL', '04', 'thumb073', '링클프리 테일러 ST 셔츠', 34000, 10, 30600, 02, 073, '댄디한 스타일을 잘 표현할 수 있는 스트라이프 서츠.', 'dt073', 50, '2020/10/01', '2020/06/01', '2020/09/25', 500000, 0, 'N', '073', 0);
INSERT INTO PRODUCT VALUES('M0402079GNM', '04', 'thumb073', '링클프리 테일러 ST 셔츠', 34000, 10, 30600, 02, 073, '댄디한 스타일을 잘 표현할 수 있는 스트라이프 서츠.', 'dt073', 50, '2020/10/01', '2020/06/01', '2020/09/25', 500000, 0, 'N', '073', 0);

INSERT INTO PRODUCT VALUES('M0403080BKM', '04', 'thumb080', '베이빌 기획 밴딩 반바지', 30000, 15, 25500, 03, 073, '쿨한 컬러로 여름철 필수템인 밴딩 반바지.', 'dt080', 30, '2020/07/30', '2020/04/20', '2020/07/25', 400000, 100000, 'Y', '080', 25);


INSERT INTO PRODUCT VALUES('W0201021RDS', '01' ,'thumb021','벨리뒷리본 트렌치코트',130000,10,117000,01,021,'얇고 가벼운 원단에 소매 롤업 디테일까지 더해져 여름까지 산뜻하게 즐기실 수 있는 아이템!' ,'dt021.jpg',250,TO_DATE('2020-05-30','YYYY-MM-DD'),TO_DATE('2020-05-01','YYYY-MM-DD'),TO_DATE('2020-05-20','YYYY-MM-DD'),100,1170000,'Y',021,0);
INSERT INTO PRODUCT VALUES('W0201022WHS','01','thumb021' ,'벨리뒷리본 트렌치코트',130000,10,117000,01,021,'얇고 가벼운 원단에 소매 롤업 디테일까지 더해져 여름까지 산뜻하게 즐기실 수 있는 아이템!','dt021.jpg',250,TO_DATE('2020-05-30','YYYY-MM-DD'),TO_DATE('2020-05-01','YYYY-MM-DD'),TO_DATE('2020-05-20','YYYY-MM-DD'),100,1170000,'Y',021,0);
INSERT INTO PRODUCT VALUES('W0201023RDM','01','thumb021' ,'벨리뒷리본 트렌치코트',130000,10,117000,01,021,'얇고 가벼운 원단에 소매 롤업 디테일까지 더해져 여름까지 산뜻하게 즐기실 수 있는 아이템!' ,'dt021.jpg',250,TO_DATE('2020-05-30','YYYY-MM-DD'),TO_DATE('2020-05-01','YYYY-MM-DD'),TO_DATE('2020-05-20','YYYY-MM-DD'),100,1170000,'Y',021,0);
INSERT INTO PRODUCT VALUES('W0201024WHM','01','thumb021' ,'벨리뒷리본 트렌치코트',130000,10,117000,01,021,'얇고 가벼운 원단에 소매 롤업 디테일까지 더해져 여름까지 산뜻하게 즐기실 수 있는 아이템!' ,'dt021.jpg',250,TO_DATE('2020-05-30','YYYY-MM-DD'),TO_DATE('2020-05-01','YYYY-MM-DD'),TO_DATE('2020-05-20','YYYY-MM-DD'),100,1170000,'Y',021,0);
INSERT INTO PRODUCT VALUES('W0201025RDL','01','thumb021' ,'벨리뒷리본 트렌치코트',130000,10,117000,01,021,'얇고 가벼운 원단에 소매 롤업 디테일까지 더해져 여름까지 산뜻하게 즐기실 수 있는 아이템!' ,'dt021.jpg',250,TO_DATE('2020-05-30','YYYY-MM-DD'),TO_DATE('2020-05-01','YYYY-MM-DD'),TO_DATE('2020-05-20','YYYY-MM-DD'),100,1170000,'Y',021,0);
INSERT INTO PRODUCT VALUES('W0201026WHL','01','thumb021' ,'벨리뒷리본 트렌치코트',130000,10,117000,01,021,'얇고 가벼운 원단에 소매 롤업 디테일까지 더해져 여름까지 산뜻하게 즐기실 수 있는 아이템!' ,'dt021.jpg',250,TO_DATE('2020-05-30','YYYY-MM-DD'),TO_DATE('2020-05-01','YYYY-MM-DD'),TO_DATE('2020-05-20','YYYY-MM-DD'),100,1170000,'Y',021,0);
INSERT INTO PRODUCT VALUES('W0205027RDS','03','thumb027', '더네프 플라워원피스',65000,15,55250,03,027,'잔잔한 플라워패턴과 우드버튼으로 사랑스러운 원피스!','dt027.jpg',100,TO_DATE('2020-06-30','YYYY-MM-DD'),TO_DATE('2020-05-15','YYYY-MM-DD'),TO_DATE('2020-06-15','YYYY-MM-DD'),100,5525000,'Y',027,0);
INSERT INTO PRODUCT VALUES('W0205028WHS','03','thumb027','더네프 플라워원피스',65000,15,55250 ,03,027,'잔잔한 플라워패턴과 우드버튼으로 사랑스러운 원피스','dt027.jpg',100,TO_DATE('2020-06-30','YYYY-MM-DD'),TO_DATE('2020-05-15','YYYY-MM-DD'),TO_DATE('2020-06-15','YYYY-MM-DD'),100,5525000,'Y',027,0);
INSERT INTO PRODUCT VALUES('W0205029RDM','03','thumb027','더네프 플라워원피스',65000,15,55250 ,03,027,'잔잔한 플라워패턴과 우드버튼으로 사랑스러운 원피스','dt027.jpg',100,TO_DATE('2020-06-30','YYYY-MM-DD'),TO_DATE('2020-05-15','YYYY-MM-DD'),TO_DATE('2020-06-15','YYYY-MM-DD'),100,5525000,'Y',027,0);
INSERT INTO PRODUCT VALUES('W0205030WHM','03','thumb027','더네프 플라워원피스',65000,15,55250 ,03,027,'잔잔한 플라워패턴과 우드버튼으로 사랑스러운 원피스','dt027.jpg',100,TO_DATE('2020-06-30','YYYY-MM-DD'),TO_DATE('2020-05-15','YYYY-MM-DD'),TO_DATE('2020-06-15','YYYY-MM-DD'),100,5525000,'Y',027,0);
INSERT INTO PRODUCT VALUES('W0205031RDL','03','thumb027','더네프 플라워원피스',65000,15,55250 ,03,027,'잔잔한 플라워패턴과 우드버튼으로 사랑스러운 원피스','dt027.jpg',100,TO_DATE('2020-06-30','YYYY-MM-DD'),TO_DATE('2020-05-15','YYYY-MM-DD'),TO_DATE('2020-06-15','YYYY-MM-DD'),100,5525000,'Y',027,0);
INSERT INTO PRODUCT VALUES('W0205032WHL','03','thumb027','더네프 플라워원피스',65000,15,55250 ,03,027,'잔잔한 플라워패턴과 우드버튼으로 사랑스러운 원피스','dt027.jpg',100,TO_DATE('2020-06-30','YYYY-MM-DD'),TO_DATE('2020-05-15','YYYY-MM-DD'),TO_DATE('2020-06-15','YYYY-MM-DD'),100,5525000,'Y',027,0);
INSERT INTO PRODUCT VALUES('M0202033BKS','05','thumb033','유니크 덤블 라운드 티셔츠',20000,20,16000 ,03,027,'단품 및 이너로 입기 좋은 베이직 티셔츠','dt033.jpg',150,TO_DATE('2020-07-01','YYYY-MM-DD'),TO_DATE('2020-05-20','YYYY-MM-DD'),TO_DATE('2020-06-05','YYYY-MM-DD'),100,1600000,'Y',033,0);
INSERT INTO PRODUCT VALUES('M0202034WHS','05','thumb033','유니크 덤블 라운드 티셔츠',20000,20,16000 ,03,027,'단품 및 이너로 입기 좋은 베이직 티셔츠','dt033.jpg',150,TO_DATE('2020-07-01','YYYY-MM-DD'),TO_DATE('2020-05-20','YYYY-MM-DD'),TO_DATE('2020-06-05','YYYY-MM-DD'),100,1600000,'Y',033,0);
INSERT INTO PRODUCT VALUES('M0202035BLS','05','thumb033','유니크 덤블 라운드 티셔츠',20000,20,16000 ,03,027,'단품 및 이너로 입기 좋은 베이직 티셔츠','dt033.jpg',150,TO_DATE('2020-07-01','YYYY-MM-DD'),TO_DATE('2020-05-20','YYYY-MM-DD'),TO_DATE('2020-06-05','YYYY-MM-DD'),100,1600000,'Y',033,0);
INSERT INTO PRODUCT VALUES('M0202036BKM','05','thumb033','유니크 덤블 라운드 티셔츠',20000,20,16000 ,03,027,'단품 및 이너로 입기 좋은 베이직 티셔츠','dt033.jpg',150,TO_DATE('2020-07-01','YYYY-MM-DD'),TO_DATE('2020-05-20','YYYY-MM-DD'),TO_DATE('2020-06-05','YYYY-MM-DD'),100,1600000,'Y',033,0);
INSERT INTO PRODUCT VALUES('M0202037WHM','05','thumb033','유니크 덤블 라운드 티셔츠',20000,20,16000 ,03,027,'단품 및 이너로 입기 좋은 베이직 티셔츠','dt033.jpg',150,TO_DATE('2020-07-01','YYYY-MM-DD'),TO_DATE('2020-05-20','YYYY-MM-DD'),TO_DATE('2020-06-05','YYYY-MM-DD'),100,1600000,'Y',033,0);
INSERT INTO PRODUCT VALUES('M0202038BLM','05','thumb033','유니크 덤블 라운드 티셔츠',20000,20,16000 ,03,027,'단품 및 이너로 입기 좋은 베이직 티셔츠','dt033.jpg',150,TO_DATE('2020-07-01','YYYY-MM-DD'),TO_DATE('2020-05-20','YYYY-MM-DD'),TO_DATE('2020-06-05','YYYY-MM-DD'),100,1600000,'Y',033,0);
INSERT INTO PRODUCT VALUES('M0202039BKL','05','thumb033','유니크 덤블 라운드 티셔츠',20000,20,16000 ,03,027,'단품 및 이너로 입기 좋은 베이직 티셔츠','dt033.jpg',150,TO_DATE('2020-07-01','YYYY-MM-DD'),TO_DATE('2020-05-20','YYYY-MM-DD'),TO_DATE('2020-06-05','YYYY-MM-DD'),100,1600000,'Y',033,0);
INSERT INTO PRODUCT VALUES('M0202033WHL','05','thumb033','유니크 덤블 라운드 티셔츠',20000,20,16000 ,03,027,'단품 및 이너로 입기 좋은 베이직 티셔츠','dt033.jpg',150,TO_DATE('2020-07-01','YYYY-MM-DD'),TO_DATE('2020-05-20','YYYY-MM-DD'),TO_DATE('2020-06-05','YYYY-MM-DD'),100,1600000,'Y',033,0);

-- 희지 상품 데이터 입력 부분
INSERT INTO PRODUCT VALUES('W0701041WHS', '07', 'thumb041', '셔츠 밑단 케이블 가디건', 800000, 10, 720000, 01, 041, '셔츠 레이어드 디테일이 돋보임', 'dt041', 8000, '2020/07/01', '2020/06/01', '2020/06/15', 10000000, 0, 'N', '041', 0);
INSERT INTO PRODUCT VALUES('W0701041WHM', '07', 'thumb041', '셔츠 밑단 케이블 가디건', 800000, 10, 720000, 01, 041, '셔츠 레이어드 디테일이 돋보임', 'dt041', 8000, '2020/07/01', '2020/06/01', '2020/06/15', 10000000, 0, 'N', '041', 0);
INSERT INTO PRODUCT VALUES('W0701041YLS', '07', 'thumb041', '셔츠 밑단 케이블 가디건', 800000, 10, 720000, 01, 041, '셔츠 레이어드 디테일이 돋보임', 'dt041', 8000, '2020/07/01', '2020/06/01', '2020/06/15', 10000000, 0, 'N', '041', 0);
INSERT INTO PRODUCT VALUES('W0701041YLM', '07', 'thumb041', '셔츠 밑단 케이블 가디건', 800000, 10, 720000, 01, 041, '셔츠 레이어드 디테일이 돋보임', 'dt041', 8000, '2020/07/01', '2020/06/01', '2020/06/15', 10000000, 0, 'N', '041', 0);

INSERT INTO PRODUCT VALUES('W0605042BKS', '06', 'thumb042', '오픈백 가오리핏 원피스', 600000, 10, 540000, 05, 042, '오픈백 디테일이 돋보임', 'dt042', 6000, '2020/07/01', '2020/06/01', '2020/06/15', 10000000, 0, 'N', '042', 0);
INSERT INTO PRODUCT VALUES('W0605042BKM', '06', 'thumb042', '오픈백 가오리핏 원피스', 600000, 10, 540000, 05, 042, '오픈백 디테일이 돋보임', 'dt042', 6000, '2020/07/01', '2020/06/01', '2020/06/15', 10000000, 0, 'N', '042', 0);

INSERT INTO PRODUCT VALUES('W0602043BKS', '06', 'thumb043', '주름 포인트 래글런 니트', 300000, 10, 270000, 02, 043, '주름 디테일이 돋보임', 'dt043', 3000, '2020/09/01', '2020/08/01', '2020/08/15', 8000000, 0, 'N', '043', 0);
INSERT INTO PRODUCT VALUES('W0602043BKM', '06', 'thumb043', '주름 포인트 래글런 니트', 300000, 10, 270000, 02, 043, '주름 디테일이 돋보임', 'dt043', 3000, '2020/09/01', '2020/08/01', '2020/08/15', 8000000, 0, 'N', '043', 0);
INSERT INTO PRODUCT VALUES('W0602043BKL', '06', 'thumb043', '주름 포인트 래글런 니트', 300000, 10, 270000, 02, 043, '주름 디테일이 돋보임', 'dt043', 3000, '2020/09/01', '2020/08/01', '2020/08/15', 8000000, 0, 'N', '043', 0);

INSERT INTO PRODUCT VALUES('W0502044WHS', '05', 'thumb044', '밑단 포인트 크루넥 맨투맨 티셔츠', 500000, 10, 450000, 02, 044, '밑단 디테일이 돋보임', 'dt044', 5000, '2020/09/01', '2020/08/01', '2020/08/15', 10000000, 0, 'N', '044', 0);
INSERT INTO PRODUCT VALUES('W0502044WHM', '05', 'thumb044', '밑단 포인트 크루넥 맨투맨 티셔츠', 500000, 10, 450000, 02, 044, '밑단 디테일이 돋보임', 'dt044', 5000, '2020/09/01', '2020/08/01', '2020/08/15', 10000000, 0, 'N', '044', 0);
INSERT INTO PRODUCT VALUES('W0502044BLS', '05', 'thumb044', '밑단 포인트 크루넥 맨투맨 티셔츠', 500000, 10, 450000, 02, 044, '밑단 디테일이 돋보임', 'dt044', 5000, '2020/09/01', '2020/08/01', '2020/08/15', 10000000, 0, 'N', '044', 0);
INSERT INTO PRODUCT VALUES('W0502044BLM', '05', 'thumb044', '밑단 포인트 크루넥 맨투맨 티셔츠', 500000, 10, 450000, 02, 044, '밑단 디테일이 돋보임', 'dt044', 5000, '2020/09/01', '2020/08/01', '2020/08/15', 10000000, 0, 'N', '044', 0);

INSERT INTO PRODUCT VALUES('W0503045BKS', '05', 'thumb045', '디스트로이드 와이드 팬츠', 700000, 30, 490000, 03, 045, '허리 밴딩 디테일로 착용이 간편함', 'dt045', 5000, '2020/06/01', '2020/05/01', '2020/05/15', 10000000, 0, 'N', '045', 0);
INSERT INTO PRODUCT VALUES('W0503045BKM', '05', 'thumb045', '디스트로이드 와이드 팬츠', 700000, 30, 490000, 03, 045, '허리 밴딩 디테일로 착용이 간편함', 'dt045', 5000, '2020/06/01', '2020/05/01', '2020/05/15', 10000000, 0, 'N', '045', 0);
INSERT INTO PRODUCT VALUES('W0503045WHS', '05', 'thumb045', '디스트로이드 와이드 팬츠', 700000, 30, 490000, 03, 045, '허리 밴딩 디테일로 착용이 간편함', 'dt045', 5000, '2020/06/01', '2020/05/01', '2020/05/15', 10000000, 0, 'N', '045', 0);
INSERT INTO PRODUCT VALUES('W0503045WHM', '05', 'thumb045', '디스트로이드 와이드 팬츠', 700000, 30, 490000, 03, 045, '허리 밴딩 디테일로 착용이 간편함', 'dt045', 5000, '2020/06/01', '2020/05/01', '2020/05/15', 10000000, 0, 'N', '045', 0);

INSERT INTO PRODUCT VALUES('W0405046BLS', '04', 'thumb046', '셔링 디테일 코든 원피스', 400000, 30, 280000, 05, 046, '스트링으로 연출되는 주름 디테일', 'dt046', 6000, '2020/05/20', '2020/04/15', '2020/05/01', 10000000, 2800000, 'Y', '046', 35);
INSERT INTO PRODUCT VALUES('W0405046BLM', '04', 'thumb046', '셔링 디테일 코든 원피스', 400000, 30, 280000, 05, 046, '스트링으로 연출되는 주름 디테일', 'dt046', 6000, '2020/05/20', '2020/04/15', '2020/05/01', 10000000, 2800000, 'Y', '046', 35);
INSERT INTO PRODUCT VALUES('W0405046BLL', '04', 'thumb046', '셔링 디테일 코든 원피스', 400000, 30, 280000, 05, 046, '스트링으로 연출되는 주름 디테일', 'dt046', 6000, '2020/05/20', '2020/04/15', '2020/05/01', 10000000, 2800000, 'Y', '046', 35);

INSERT INTO PRODUCT VALUES('W0402047BKS', '04', 'thumb047', '씬 스트라이프 반팔 티셔츠', 200000, 30, 140000, 02, 047, '캐주얼한 무드의 반팔 티셔츠', 'dt047', 2000, '2020/07/01', '2020/06/01', '2020/06/15', 10000000, 0, 'N', '047', 0);
INSERT INTO PRODUCT VALUES('W0402047BKM', '04', 'thumb047', '씬 스트라이프 반팔 티셔츠', 200000, 30, 140000, 02, 047, '캐주얼한 무드의 반팔 티셔츠', 'dt047', 2000, '2020/07/01', '2020/06/01', '2020/06/15', 10000000, 0, 'N', '047', 0);
INSERT INTO PRODUCT VALUES('W0402047BKL', '04', 'thumb047', '씬 스트라이프 반팔 티셔츠', 200000, 30, 140000, 02, 047, '캐주얼한 무드의 반팔 티셔츠', 'dt047', 2000, '2020/07/01', '2020/06/01', '2020/06/15', 10000000, 0, 'N', '047', 0);

INSERT INTO PRODUCT VALUES('W0403048WHS', '04', 'thumb048', '트레이닝 하프 팬츠', 400000, 30, 280000, 03, 048, '아웃 스트링 디테일이 캐주얼한 느낌을 줌', 'dt048', 4000, '2020/07/15', '2020/06/15', '2020/06/30', 10000000, 0, 'N', '048', 0);
INSERT INTO PRODUCT VALUES('W0403048WHM', '04', 'thumb048', '트레이닝 하프 팬츠', 400000, 30, 280000, 03, 048, '아웃 스트링 디테일이 캐주얼한 느낌을 줌', 'dt048', 4000, '2020/07/15', '2020/06/15', '2020/06/30', 10000000, 0, 'N', '048', 0);
INSERT INTO PRODUCT VALUES('W0403048WHL', '04', 'thumb048', '트레이닝 하프 팬츠', 400000, 30, 280000, 03, 048, '아웃 스트링 디테일이 캐주얼한 느낌을 줌', 'dt048', 4000, '2020/07/15', '2020/06/15', '2020/06/30', 10000000, 0, 'N', '048', 0);

INSERT INTO PRODUCT VALUES('W0305049BKS', '03', 'thumb049', '글로시 반팔 롱 원피스', 900000, 30, 630000, 05, 049, '글로시한 광택감이 돋보임', 'dt049', 9000, '2020/07/15', '2020/06/15', '2020/06/30', 20000000, 0, 'N', '049', 0);
INSERT INTO PRODUCT VALUES('W0305049BKM', '03', 'thumb049', '글로시 반팔 롱 원피스', 900000, 30, 630000, 05, 049, '글로시한 광택감이 돋보임', 'dt049', 9000, '2020/07/15', '2020/06/15', '2020/06/30', 20000000, 0, 'N', '049', 0);
INSERT INTO PRODUCT VALUES('W0305049BKL', '03', 'thumb049', '글로시 반팔 롱 원피스', 900000, 30, 630000, 05, 049, '글로시한 광택감이 돋보임', 'dt049', 9000, '2020/07/15', '2020/06/15', '2020/06/30', 20000000, 0, 'N', '049', 0);

INSERT INTO PRODUCT VALUES('M0301050KHS', '03', 'thumb050', '게더 웨이스트 자켓', 700000, 30, 490000, 01, 050, '소매가 살짝 긴 오버사이즈 자켓', 'dt050', 7000, '2020/09/01', '2020/08/01', '2020/08/15', 20000000, 0, 'N', '050', 0);
INSERT INTO PRODUCT VALUES('M0301050KHM', '03', 'thumb050', '게더 웨이스트 자켓', 700000, 30, 490000, 01, 050, '소매가 살짝 긴 오버사이즈 자켓', 'dt050', 7000, '2020/09/01', '2020/08/01', '2020/08/15', 20000000, 0, 'N', '050', 0);
INSERT INTO PRODUCT VALUES('M0301050KHL', '03', 'thumb050', '게더 웨이스트 자켓', 700000, 30, 490000, 01, 050, '소매가 살짝 긴 오버사이즈 자켓', 'dt050', 7000, '2020/09/01', '2020/08/01', '2020/08/15', 20000000, 0, 'N', '050', 0);

INSERT INTO PRODUCT VALUES('M0304051BLS', '03', 'thumb051', '내추럴 밑단 버튼업 데님팬츠', 300000, 30, 210000, 04, 051, '워싱 디테일이 돋보임', 'dt051', 5000, '2020/10/01', '2020/09/01', '2020/09/15', 10000000, 0, 'N', '051', 0);
INSERT INTO PRODUCT VALUES('M0304051BLM', '03', 'thumb051', '내추럴 밑단 버튼업 데님팬츠', 300000, 30, 210000, 04, 051, '워싱 디테일이 돋보임', 'dt051', 5000, '2020/10/01', '2020/09/01', '2020/09/15', 10000000, 0, 'N', '051', 0);
INSERT INTO PRODUCT VALUES('M0304051BLL', '03', 'thumb051', '내추럴 밑단 버튼업 데님팬츠', 300000, 30, 210000, 04, 051, '워싱 디테일이 돋보임', 'dt051', 5000, '2020/10/01', '2020/09/01', '2020/09/15', 10000000, 0, 'N', '051', 0);

INSERT INTO PRODUCT VALUES('M0201052BKS', '02', 'thumb052', '로고 프린트 후드 자켓', 200000, 30, 140000, 01, 052, '로고 프린트 디테일이 돋보임', 'dt052', 3000, '2020/09/15', '2020/08/01', '2020/08/15', 10000000, 0, 'N', '052', 0);
INSERT INTO PRODUCT VALUES('M0201052BKM', '02', 'thumb052', '로고 프린트 후드 자켓', 200000, 30, 140000, 01, 052, '로고 프린트 디테일이 돋보임', 'dt052', 3000, '2020/09/15', '2020/08/01', '2020/08/15', 10000000, 0, 'N', '052', 0);
INSERT INTO PRODUCT VALUES('M0201052BKL', '02', 'thumb052', '로고 프린트 후드 자켓', 200000, 30, 140000, 01, 052, '로고 프린트 디테일이 돋보임', 'dt052', 3000, '2020/09/15', '2020/08/01', '2020/08/15', 10000000, 0, 'N', '052', 0);
INSERT INTO PRODUCT VALUES('M0201052KHS', '02', 'thumb052', '로고 프린트 후드 자켓', 200000, 30, 140000, 01, 052, '로고 프린트 디테일이 돋보임', 'dt052', 3000, '2020/09/15', '2020/08/01', '2020/08/15', 10000000, 0, 'N', '052', 0);
INSERT INTO PRODUCT VALUES('M0201052KHM', '02', 'thumb052', '로고 프린트 후드 자켓', 200000, 30, 140000, 01, 052, '로고 프린트 디테일이 돋보임', 'dt052', 3000, '2020/09/15', '2020/08/01', '2020/08/15', 10000000, 0, 'N', '052', 0);
INSERT INTO PRODUCT VALUES('M0201052KHL', '02', 'thumb052', '로고 프린트 후드 자켓', 200000, 30, 140000, 01, 052, '로고 프린트 디테일이 돋보임', 'dt052', 3000, '2020/09/15', '2020/08/01', '2020/08/15', 10000000, 0, 'N', '052', 0);

INSERT INTO PRODUCT VALUES('M0202053WHS', '02', 'thumb053', '링 장식 반팔 티셔츠', 200000, 30, 140000, 02, 053, '링 장식 디테일이 돋보임', 'dt053', 3000, '2020/08/01', '2020/07/01', '2020/07/20', 10000000, 0, 'N', '053', 0);
INSERT INTO PRODUCT VALUES('M0202053WHM', '02', 'thumb053', '링 장식 반팔 티셔츠', 200000, 30, 140000, 02, 053, '링 장식 디테일이 돋보임', 'dt053', 3000, '2020/08/01', '2020/07/01', '2020/07/20', 10000000, 0, 'N', '053', 0);
INSERT INTO PRODUCT VALUES('M0202053WHL', '02', 'thumb053', '링 장식 반팔 티셔츠', 200000, 30, 140000, 02, 053, '링 장식 디테일이 돋보임', 'dt053', 3000, '2020/08/01', '2020/07/01', '2020/07/20', 10000000, 0, 'N', '053', 0);

INSERT INTO PRODUCT VALUES('M0201054BLS', '02', 'thumb054', '빅 로고 래글런 코치 자켓', 500000, 30, 350000, 01, 054, '뒷 면에 빅 자수 로고 디테일이 돋보임', 'dt054', 5000, '2020/10/01', '2020/09/01', '2020/09/20', 20000000, 0, 'N', '054', 0);
INSERT INTO PRODUCT VALUES('M0201054BLM', '02', 'thumb054', '빅 로고 래글런 코치 자켓', 500000, 30, 350000, 01, 054, '뒷 면에 빅 자수 로고 디테일이 돋보임', 'dt054', 5000, '2020/10/01', '2020/09/01', '2020/09/20', 20000000, 0, 'N', '054', 0);
INSERT INTO PRODUCT VALUES('M0201054BLL', '02', 'thumb054', '빅 로고 래글런 코치 자켓', 500000, 30, 350000, 01, 054, '뒷 면에 빅 자수 로고 디테일이 돋보임', 'dt054', 5000, '2020/10/01', '2020/09/01', '2020/09/20', 20000000, 0, 'N', '054', 0);

INSERT INTO PRODUCT VALUES('M0104055BLS', '01', 'thumb055', '라이트 워시드 숏 데님팬츠', 500000, 30, 350000, 04, 055, '라이트한 워싱감이 돋보임', 'dt055', 6000, '2020/08/01', '2020/07/01', '2020/07/15', 10000000, 0, 'N', '055', 0);
INSERT INTO PRODUCT VALUES('M0104055BLM', '01', 'thumb055', '라이트 워시드 숏 데님팬츠', 500000, 30, 350000, 04, 055, '라이트한 워싱감이 돋보임', 'dt055', 6000, '2020/08/01', '2020/07/01', '2020/07/15', 10000000, 0, 'N', '055', 0);
INSERT INTO PRODUCT VALUES('M0104055BLL', '01', 'thumb055', '라이트 워시드 숏 데님팬츠', 500000, 30, 350000, 04, 055, '라이트한 워싱감이 돋보임', 'dt055', 6000, '2020/08/01', '2020/07/01', '2020/07/15', 10000000, 0, 'N', '055', 0);

INSERT INTO PRODUCT VALUES('M0102056BKS', '01', 'thumb056', '레이어 밑단 반팔 티셔츠', 100000, 30, 70000, 02, 056, '브이넥 디테일이 돋보임', 'dt056', 2000, '2020/08/01', '2020/07/01', '2020/07/15', 10000000, 0, 'N', '056', 0);
INSERT INTO PRODUCT VALUES('M0102056BKM', '01', 'thumb056', '레이어 밑단 반팔 티셔츠', 100000, 30, 70000, 02, 056, '브이넥 디테일이 돋보임', 'dt056', 2000, '2020/08/01', '2020/07/01', '2020/07/15', 10000000, 0, 'N', '056', 0);
INSERT INTO PRODUCT VALUES('M0102056BKL', '01', 'thumb056', '레이어 밑단 반팔 티셔츠', 100000, 30, 70000, 02, 056, '브이넥 디테일이 돋보임', 'dt056', 2000, '2020/08/01', '2020/07/01', '2020/07/15', 10000000, 0, 'N', '056', 0);

INSERT INTO PRODUCT VALUES('M0101057BKS', '01', 'thumb057', '1987 패치 집업 자켓', 400000, 30, 280000, 01, 057, '1987 패치 디테일이 돋보임', 'dt057', 4000, '2020/11/01', '2020/10/01', '2020/10/15', 20000000, 0, 'N', '057', 0);
INSERT INTO PRODUCT VALUES('M0101057BKM', '01', 'thumb057', '1987 패치 집업 자켓', 400000, 30, 280000, 01, 057, '1987 패치 디테일이 돋보임', 'dt057', 4000, '2020/11/01', '2020/10/01', '2020/10/15', 20000000, 0, 'N', '057', 0);
INSERT INTO PRODUCT VALUES('M0101057BLS', '01', 'thumb057', '1987 패치 집업 자켓', 400000, 30, 280000, 01, 057, '1987 패치 디테일이 돋보임', 'dt057', 4000, '2020/11/01', '2020/10/01', '2020/10/15', 20000000, 0, 'N', '057', 0);
INSERT INTO PRODUCT VALUES('M0101057BLM', '01', 'thumb057', '1987 패치 집업 자켓', 400000, 30, 280000, 01, 057, '1987 패치 디테일이 돋보임', 'dt057', 4000, '2020/11/01', '2020/10/01', '2020/10/15', 20000000, 0, 'N', '057', 0);

INSERT INTO PRODUCT VALUES('M0103058KHS', '01', 'thumb058', 'O링 히든 치노팬츠', 300000, 30, 210000, 03, 058, 'O링 장식 디테일이 돋보임', 'dt058', 3000, '2020/08/01', '2020/07/01', '2020/07/15', 10000000, 0, 'N', '058', 0);
INSERT INTO PRODUCT VALUES('M0103058KHM', '01', 'thumb058', 'O링 히든 치노팬츠', 300000, 30, 210000, 03, 058, 'O링 장식 디테일이 돋보임', 'dt058', 3000, '2020/08/01', '2020/07/01', '2020/07/15', 10000000, 0, 'N', '058', 0);
INSERT INTO PRODUCT VALUES('M0103058KHL', '01', 'thumb058', 'O링 히든 치노팬츠', 300000, 30, 210000, 03, 058, 'O링 장식 디테일이 돋보임', 'dt058', 3000, '2020/08/01', '2020/07/01', '2020/07/15', 10000000, 0, 'N', '058', 0);

INSERT INTO PRODUCT VALUES('M0101059KHS', '01', 'thumb059', '이중 클로징 필드 셔츠', 700000, 30, 490000, 01, 059, '이중 클로징 디테일을 가진 트렌디한 무드가 돋보임', 'dt059', 7000, '2020/10/15', '2020/09/01', '2020/09/20', 20000000, 0, 'N', '059', 0);
INSERT INTO PRODUCT VALUES('M0101059KHM', '01', 'thumb059', '이중 클로징 필드 셔츠', 700000, 30, 490000, 01, 059, '이중 클로징 디테일을 가진 트렌디한 무드가 돋보임', 'dt059', 7000, '2020/10/15', '2020/09/01', '2020/09/20', 20000000, 0, 'N', '059', 0);
INSERT INTO PRODUCT VALUES('M0101059KHL', '01', 'thumb059', '이중 클로징 필드 셔츠', 700000, 30, 490000, 01, 059, '이중 클로징 디테일을 가진 트렌디한 무드가 돋보임', 'dt059', 7000, '2020/10/15', '2020/09/01', '2020/09/20', 20000000, 0, 'N', '059', 0);

INSERT INTO PRODUCT VALUES('M0503060BKS', '05', 'thumb060', '스트링 배기 울 팬츠', 500000, 30, 350000, 03, 060, '배기핏 디테일로 포인트를 더함', 'dt060', 5000, '2020/11/15', '2020/10/01', '2020/10/20', 20000000, 0, 'N', '060', 0);
INSERT INTO PRODUCT VALUES('M0503060BKM', '05', 'thumb060', '스트링 배기 울 팬츠', 500000, 30, 350000, 03, 060, '배기핏 디테일로 포인트를 더함', 'dt060', 5000, '2020/11/15', '2020/10/01', '2020/10/20', 20000000, 0, 'N', '060', 0);
INSERT INTO PRODUCT VALUES('M0503060BKL', '05', 'thumb060', '스트링 배기 울 팬츠', 500000, 30, 350000, 03, 060, '배기핏 디테일로 포인트를 더함', 'dt060', 5000, '2020/11/15', '2020/10/01', '2020/10/20', 20000000, 0, 'N', '060', 0);

INSERT INTO PRODUCT VALUES('M0701081BKS', '07', 'thumb081', '오버핏 프리덤숏패딩', 100000, 10, 900000, 01, 081, '엄청난 따뜻함 믿고 사셔도 됩니다.', 'dt081', 151, '2020/07/30', '2020/04/01', '2020/07/25', 3000000, 0, 'N', '081', 0);
INSERT INTO PRODUCT VALUES('M0701081BKM', '07', 'thumb081', '오버핏 프리덤숏패딩', 100000, 10, 900000, 01, 081, '엄청난 따뜻함 믿고 사셔도 됩니다.', 'dt081', 151, '2020/07/30', '2020/04/01', '2020/07/25', 3000000, 0, 'N', '081', 0);
INSERT INTO PRODUCT VALUES('M0701081BLL', '07', 'thumb081', '오버핏 프리덤숏패딩', 100000, 10, 900000, 01, 081, '엄청난 따뜻함 믿고 사셔도 됩니다.', 'dt081', 151, '2020/07/30', '2020/04/01', '2020/07/25', 3000000, 0, 'N', '081', 0);

INSERT INTO PRODUCT VALUES('M0701082BKS', '07', 'thumb082', '위드 아크릴 브이넥 가디건', 100000, 10, 900000, 01, 082, '봄에 딱 입기 좋은 예쁜 가디건', 'dt082', 151, '2020/07/20', '2020/04/01', '2020/07/15', 3000000, 0, 'Y', '082', 0);
INSERT INTO PRODUCT VALUES('M0701082BKM', '07', 'thumb082', '위드 아크릴 브이넥 가디건', 100000, 10, 900000, 01, 082, '봄에 딱 입기 좋은 예쁜 가디건', 'dt082', 151, '2020/07/20', '2020/04/01', '2020/07/15', 3000000, 0, 'Y', '082', 0);
INSERT INTO PRODUCT VALUES('M0701082BLL', '07', 'thumb082', '위드 아크릴 브이넥 가디건', 100000, 10, 900000, 01, 082, '봄에 딱 입기 좋은 예쁜 가디건', 'dt082', 151, '2020/07/20', '2020/04/01', '2020/07/15', 3000000, 0, 'Y', '082', 0);

INSERT INTO PRODUCT VALUES('M0702083BKS', '07', 'thumb083', '데일리 반팔 카라티', 100000, 10, 900000, 01, 083, '커플룩으로 딱이다!', 'dt083', 151, '2020/07/10', '2020/04/02', '2020/07/20', 3000000, 0, 'N', '083', 0);
INSERT INTO PRODUCT VALUES('M0702083BKM', '07', 'thumb083', '데일리 반팔 카라티', 100000, 10, 900000, 01, 083, '커플룩으로 딱이다!', 'dt083', 151, '2020/07/10', '2020/04/02', '2020/07/20', 3000000, 0, 'N', '083', 0);
INSERT INTO PRODUCT VALUES('M0702083BLL', '07', 'thumb083', '데일리 반팔 카라티', 100000, 10, 900000, 01, 083, '커플룩으로 딱이다!', 'dt083', 151, '2020/07/10', '2020/04/02', '2020/07/20', 3000000, 0, 'N', '083', 0);

INSERT INTO PRODUCT VALUES('M0702084BKS', '07', 'thumb084', '리버풀 라운드 반팔티', 100000, 10, 900000, 01, 084, '편한한 반팔티', 'dt084', 151, '2020/06/30', '2020/04/03', '2020/07/19', 3000000, 0, 'N', '084', 0);
INSERT INTO PRODUCT VALUES('M0702084BKM', '07', 'thumb084', '리버풀 라운드 반팔티', 100000, 10, 900000, 01, 084, '편한한 반팔티', 'dt084', 151, '2020/06/30', '2020/04/03', '2020/07/19', 3000000, 0, 'N', '084', 0);
INSERT INTO PRODUCT VALUES('M0702084BLL', '07', 'thumb084', '리버풀 라운드 반팔티', 100000, 10, 900000, 01, 084, '편한한 반팔티', 'dt084', 151, '2020/06/30', '2020/04/03', '2020/07/19', 3000000, 0, 'N', '084', 0);

INSERT INTO PRODUCT VALUES('M0703085BKS', '07', 'thumb085', '데일리 워싱카고 밴딩 반바지', 100000, 10, 900000, 01, 085, '아이 편하다 밴딩으로 편해진 한층 반바지', 'dt085', 151, '2020/06/30', '2020/04/01', '2020/07/25', 3000000, 0, 'N', '085', 0);
INSERT INTO PRODUCT VALUES('M0703085BKM', '07', 'thumb085', '데일리 워싱카고 밴딩 반바지', 100000, 10, 900000, 01, 085, '아이 편하다 밴딩으로 편해진 한층 반바지', 'dt085', 151, '2020/06/30', '2020/04/01', '2020/07/25', 3000000, 0, 'N', '085', 0);
INSERT INTO PRODUCT VALUES('M0703085BLL', '07', 'thumb085', '데일리 워싱카고 밴딩 반바지', 100000, 10, 900000, 01, 085, '아이 편하다 밴딩으로 편해진 한층 반바지', 'dt085', 151, '2020/06/30', '2020/04/01', '2020/07/25', 3000000, 0, 'N', '085', 0);

INSERT INTO PRODUCT VALUES('M0703086BKS', '07', 'thumb086', '유니언 체크 밴딩바지', 100000, 10, 900000, 01, 086, '바둑판으로 써도 될법한 체크밴딩바지', 'dt086', 151, '2020/07/29', '2020/04/02', '2020/07/26', 3000000, 0, 'Y', '086', 0);
INSERT INTO PRODUCT VALUES('M0703086BKM', '07', 'thumb086', '유니언 체크 밴딩바지', 100000, 10, 900000, 01, 086, '바둑판으로 써도 될법한 체크밴딩바지', 'dt086', 151, '2020/07/29', '2020/04/02', '2020/07/26', 3000000, 0, 'Y', '086', 0);
INSERT INTO PRODUCT VALUES('M0703086BLL', '07', 'thumb086', '유니언 체크 밴딩바지', 100000, 10, 900000, 01, 086, '바둑판으로 써도 될법한 체크밴딩바지', 'dt086', 151, '2020/07/29', '2020/04/02', '2020/07/26', 3000000, 0, 'Y', '086', 0);

INSERT INTO PRODUCT VALUES('M0704087BKS', '07', 'thumb087', '히든밴딩 슬림 데님팬츠', 100000, 10, 900000, 01, 087, '많이 찢어져서 시원해요', 'dt087', 151, '2020/07/28', '2020/04/03', '2020/07/24', 3000000, 0, 'N', '087', 0);
INSERT INTO PRODUCT VALUES('M0704087BKM', '07', 'thumb087', '히든밴딩 슬림 데님팬츠', 100000, 10, 900000, 01, 087, '많이 찢어져서 시원해요', 'dt087', 151, '2020/07/28', '2020/04/03', '2020/07/24', 3000000, 0, 'N', '087', 0);
INSERT INTO PRODUCT VALUES('M0704087BLL', '07', 'thumb087', '히든밴딩 슬림 데님팬츠', 100000, 10, 900000, 01, 087, '많이 찢어져서 시원해요', 'dt087', 151, '2020/07/28', '2020/04/03', '2020/07/24', 3000000, 0, 'N', '087', 0);

INSERT INTO PRODUCT VALUES('M0704088BKS', '07', 'thumb088', '노멀워싱 슬림핏 컷팅진', 100000, 10, 900000, 01, 088, '누구든 잘어울리게 만드는 바지', 'dt088', 151, '2020/07/27', '2020/04/04', '2020/07/24', 3000000, 0, 'Y', '088', 0);
INSERT INTO PRODUCT VALUES('M0704088BKM', '07', 'thumb088', '노멀워싱 슬림핏 컷팅진', 100000, 10, 900000, 01, 088, '누구든 잘어울리게 만드는 바지', 'dt088', 151, '2020/07/27', '2020/04/04', '2020/07/24', 3000000, 0, 'Y', '088', 0);
INSERT INTO PRODUCT VALUES('M0704088BLL', '07', 'thumb088', '노멀워싱 슬림핏 컷팅진', 100000, 10, 900000, 01, 088, '누구든 잘어울리게 만드는 바지', 'dt088', 151, '2020/07/27', '2020/04/04', '2020/07/24', 3000000, 0, 'Y', '088', 0);

INSERT INTO PRODUCT VALUES('M0701089BKS', '07', 'thumb089', '유스 오버핏 대디 싱글 자켓', 100000, 10, 900000, 01, 089, '누가 입어도 잘 어울리는 자켓', 'dt089', 151, '2020/07/26', '2020/04/05', '2020/07/23', 3000000, 0, 'N', '089', 0);
INSERT INTO PRODUCT VALUES('M0701089BKM', '07', 'thumb089', '유스 오버핏 대디 싱글 자켓', 100000, 10, 900000, 01, 089, '누가 입어도 잘 어울리는 자켓', 'dt089', 151, '2020/07/26', '2020/04/05', '2020/07/23', 3000000, 0, 'N', '089', 0);
INSERT INTO PRODUCT VALUES('M0701089BLL', '07', 'thumb089', '유스 오버핏 대디 싱글 자켓', 100000, 10, 900000, 01, 089, '누가 입어도 잘 어울리는 자켓', 'dt089', 151, '2020/07/26', '2020/04/05', '2020/07/23', 3000000, 0, 'N', '089', 0);

INSERT INTO PRODUCT VALUES('M0701090BKS', '07', 'thumb090', '데일리 후드 탈부착 청자켓', 100000, 10, 900000, 01, 090, '크~ 모자를 내맘대루 탈부착!', 'dt090', 151, '2020/07/25', '2020/03/28', '2020/07/22', 3000000, 0, 'N', '090', 0);
INSERT INTO PRODUCT VALUES('M0701090BKM', '07', 'thumb090', '데일리 후드 탈부착 청자켓', 100000, 10, 900000, 01, 090, '크~ 모자를 내맘대루 탈부착!', 'dt090', 151, '2020/07/25', '2020/03/28', '2020/07/22', 3000000, 0, 'N', '090', 0);
INSERT INTO PRODUCT VALUES('M0701090BLL', '07', 'thumb090', '데일리 후드 탈부착 청자켓', 100000, 10, 900000, 01, 090, '크~ 모자를 내맘대루 탈부착!', 'dt090', 151, '2020/07/25', '2020/03/28', '2020/07/22', 3000000, 0, 'N', '090', 0);

INSERT INTO PRODUCT VALUES('M0702091BKS', '07', 'thumb091', '컬렉션 레터링 반팔티', 100000, 10, 900000, 01, 091, '참 심플한 반팔티', 'dt091', 151, '2020/07/30', '2020/04/01', '2020/07/25', 3000000, 0, 'N', '091', 0);
INSERT INTO PRODUCT VALUES('M0702091BKM', '07', 'thumb091', '컬렉션 레터링 반팔티', 100000, 10, 900000, 01, 091, '참 심플한 반팔티', 'dt091', 151, '2020/07/30', '2020/04/01', '2020/07/25', 3000000, 0, 'N', '091', 0);
INSERT INTO PRODUCT VALUES('M0702091BLL', '07', 'thumb091', '컬렉션 레터링 반팔티', 100000, 10, 900000, 01, 091, '참 심플한 반팔티', 'dt091', 151, '2020/07/30', '2020/04/01', '2020/07/25', 3000000, 0, 'N', '091', 0);

INSERT INTO PRODUCT VALUES('M0702092BKS', '07', 'thumb092', '스퀘어 오버핏 반팔티', 100000, 10, 900000, 01, 092, '아이 시원해라 바람이 잘 통하는 반팔티입니다.', 'dt092', 151, '2020/07/30', '2020/04/01', '2020/07/25', 3000000, 0, 'Y', '092', 0);
INSERT INTO PRODUCT VALUES('M0702092BKM', '07', 'thumb092', '스퀘어 오버핏 반팔티', 100000, 10, 900000, 01, 092, '아이 시원해라 바람이 잘 통하는 반팔티입니다.', 'dt092', 151, '2020/07/30', '2020/04/01', '2020/07/25', 3000000, 0, 'Y', '092', 0);
INSERT INTO PRODUCT VALUES('M0702092BLL', '07', 'thumb092', '스퀘어 오버핏 반팔티', 100000, 10, 900000, 01, 092, '아이 시원해라 바람이 잘 통하는 반팔티입니다.', 'dt092', 151, '2020/07/30', '2020/04/01', '2020/07/25', 3000000, 0, 'Y', '092', 0);

INSERT INTO PRODUCT VALUES('M0703093BKS', '07', 'thumb093', '린넨 5부 밴딩 반바지', 100000, 10, 900000, 01, 093, '여름엔 역시 반바지지', 'dt093', 151, '2020/07/30', '2020/04/01', '2020/07/25', 3000000, 0, 'N', '093', 0);
INSERT INTO PRODUCT VALUES('M0703093BKM', '07', 'thumb093', '린넨 5부 밴딩 반바지', 100000, 10, 900000, 01, 093, '여름엔 역시 반바지지', 'dt093', 151, '2020/07/30', '2020/04/01', '2020/07/25', 3000000, 0, 'N', '093', 0);
INSERT INTO PRODUCT VALUES('M0703093BLL', '07', 'thumb093', '린넨 5부 밴딩 반바지', 100000, 10, 900000, 01, 093, '여름엔 역시 반바지지', 'dt093', 151, '2020/07/30', '2020/04/01', '2020/07/25', 3000000, 0, 'N', '093', 0);

INSERT INTO PRODUCT VALUES('M0704094BKS', '07', 'thumb094', '데일 와이드 데님 팬츠', 100000, 10, 900000, 01, 094, '통이 넓구나~', 'dt094', 151, '2020/07/30', '2020/04/01', '2020/07/25', 3000000, 0, 'N', '094', 0);
INSERT INTO PRODUCT VALUES('M0704094BKM', '07', 'thumb094', '데일 와이드 데님 팬츠', 100000, 10, 900000, 01, 094, '통이 넓구나~', 'dt094', 151, '2020/07/30', '2020/04/01', '2020/07/25', 3000000, 0, 'N', '094', 0);
INSERT INTO PRODUCT VALUES('M0704094BLL', '07', 'thumb094', '데일 와이드 데님 팬츠', 100000, 10, 900000, 01, 094, '통이 넓구나~', 'dt094', 151, '2020/07/30', '2020/04/01', '2020/07/25', 3000000, 0, 'N', '094', 0);

INSERT INTO PRODUCT VALUES('M0703095BKS', '07', 'thumb095', '편안한 린넨 슬림 슬랙스', 100000, 10, 900000, 01, 095, '상품이름과 같이 엄청 편하다!', 'dt095', 151, '2020/07/30', '2020/04/01', '2020/07/25', 3000000, 0, 'N', '095', 0);
INSERT INTO PRODUCT VALUES('M0703095BKM', '07', 'thumb095', '편안한 린넨 슬림 슬랙스', 100000, 10, 900000, 01, 095, '상품이름과 같이 엄청 편하다!', 'dt095', 151, '2020/07/30', '2020/04/01', '2020/07/25', 3000000, 0, 'N', '095', 0);
INSERT INTO PRODUCT VALUES('M0703095BLL', '07', 'thumb095', '편안한 린넨 슬림 슬랙스', 100000, 10, 900000, 01, 095, '상품이름과 같이 엄청 편하다!', 'dt095', 151, '2020/07/30', '2020/04/01', '2020/07/25', 3000000, 0, 'N', '095', 0);

INSERT INTO PRODUCT VALUES('M0704096BKS', '07', 'thumb096', '블랑 롤업 데님', 100000, 10, 900000, 01, 096, '어디에 입어도 잘어울린다', 'dt096', 151, '2020/06/30', '2020/03/01', '2020/06/25', 3000000, 0, 'N', '096', 0);
INSERT INTO PRODUCT VALUES('M0704096BKM', '07', 'thumb096', '블랑 롤업 데님', 100000, 10, 900000, 01, 096, '어디에 입어도 잘어울린다', 'dt096', 151, '2020/06/30', '2020/03/01', '2020/06/25', 3000000, 0, 'N', '096', 0);
INSERT INTO PRODUCT VALUES('M0704096BLL', '07', 'thumb096', '블랑 롤업 데님', 100000, 10, 900000, 01, 096, '어디에 입어도 잘어울린다', 'dt096', 151, '2020/06/30', '2020/03/01', '2020/06/25', 3000000, 0, 'N', '096', 0);

INSERT INTO PRODUCT VALUES('M0701097BKS', '07', 'thumb097', '캐치 피그먼트 후드 집업', 100000, 10, 900000, 01, 097, '집 앞 잠깐 나갈 때 입기 좋은 후드집업', 'dt097', 151, '2020/05/30', '2020/02/01', '2020/05/25', 3000000, 0, 'Y', '097', 0);
INSERT INTO PRODUCT VALUES('M0701097GNM', '07', 'thumb097', '캐치 피그먼트 후드 집업', 100000, 10, 900000, 01, 097, '집 앞 잠깐 나갈 때 입기 좋은 후드집업', 'dt097', 151, '2020/05/30', '2020/02/01', '2020/05/25', 3000000, 0, 'Y', '097', 0);
INSERT INTO PRODUCT VALUES('M0701097BLL', '07', 'thumb097', '캐치 피그먼트 후드 집업', 100000, 10, 900000, 01, 097, '집 앞 잠깐 나갈 때 입기 좋은 후드집업', 'dt097', 151, '2020/05/30', '2020/02/01', '2020/05/25', 3000000, 0, 'Y', '097', 0);

INSERT INTO PRODUCT VALUES('M0702098BKS', '07', 'thumb098', '네온 오버핏 맨투맨', 100000, 10, 900000, 01, 098, '보기만 해도 따뜻한 맨투맨', 'dt098', 151, '2020/04/30', '2020/01/01', '2020/04/25', 3000000, 0, 'N', '098', 0);
INSERT INTO PRODUCT VALUES('M0702098BKM', '07', 'thumb098', '네온 오버핏 맨투맨', 100000, 10, 900000, 01, 098, '보기만 해도 따뜻한 맨투맨', 'dt098', 151, '2020/04/30', '2020/01/01', '2020/04/25', 3000000, 0, 'N', '098', 0);
INSERT INTO PRODUCT VALUES('M0702098BLL', '07', 'thumb098', '네온 오버핏 맨투맨', 100000, 10, 900000, 01, 098, '보기만 해도 따뜻한 맨투맨', 'dt098', 151, '2020/04/30', '2020/01/01', '2020/04/25', 3000000, 0, 'N', '098', 0);

INSERT INTO PRODUCT VALUES('M0703099BKS', '07', 'thumb099', '하퍼 슬림 코튼 슬랙스', 100000, 10, 900000, 01, 099, '고놈 참 슬림하네', 'dt099', 151, '2020/07/30', '2020/04/01', '2020/07/25', 3000000, 0, 'N', '099', 0);
INSERT INTO PRODUCT VALUES('M0703099BKM', '07', 'thumb099', '하퍼 슬림 코튼 슬랙스', 100000, 10, 900000, 01, 099, '고놈 참 슬림하네', 'dt099', 151, '2020/07/30', '2020/04/01', '2020/07/25', 3000000, 0, 'N', '099', 0);
INSERT INTO PRODUCT VALUES('M0703099BLL', '07', 'thumb099', '하퍼 슬림 코튼 슬랙스', 100000, 10, 900000, 01, 099, '고놈 참 슬림하네', 'dt099', 151, '2020/07/30', '2020/04/01', '2020/07/25', 3000000, 0, 'N', '099', 0);

INSERT INTO PRODUCT VALUES('M0701100BKS', '07', 'thumb100', '디펄트 숏 패딩', 100000, 10, 900000, 01, 100, '이 패딩만 있으면 겨울 따윈 무섭지 않다!', 'dt100', 151, '2020/07/30', '2020/04/01', '2020/07/25', 3000000, 0, 'Y', '100', 0);
INSERT INTO PRODUCT VALUES('M0701100GNM', '07', 'thumb100', '디펄트 숏 패딩', 100000, 10, 900000, 01, 100, '이 패딩만 있으면 겨울 따윈 무섭지 않다!', 'dt100', 151, '2020/07/30', '2020/04/01', '2020/07/25', 3000000, 0, 'Y', '100', 0);
INSERT INTO PRODUCT VALUES('M0701100BLL', '07', 'thumb100', '디펄트 숏 패딩', 100000, 10, 900000, 01, 100, '이 패딩만 있으면 겨울 따윈 무섭지 않다!', 'dt100', 151, '2020/07/30', '2020/04/01', '2020/07/25', 3000000, 0, 'Y', '100', 0);



INSERT INTO NOTICE VALUES (50000, '결제오류 사과문','사과합니다','2020/01/01','N');
INSERT INTO NOTICE VALUES (50001, '결제오류 사과문입','죄송합니다','2020/01/02','N');
INSERT INTO NOTICE VALUES (50002, '결제오류 사과문입니','정말 사과합니다','2020/01/03','N');
INSERT INTO NOTICE VALUES (50003, '결제오류 사과문입니다','정말 죄송합니다','2020/01/04','N');
INSERT INTO NOTICE VALUES (50004, '결제오류 사과문입니다요','사과하고 죄송합니다','2020/01/05','N');
INSERT INTO NOTICE VALUES (50005, '결제오류 사과문입니다요오','또 사과하고 죄송합니다','2020/01/06','N');
INSERT INTO NOTICE VALUES (50006, '결제오류 사과문입니다요오오','또 또 사과하고 죄송합니다','2020/01/07','N');
INSERT INTO NOTICE VALUES (50007, '결제오류 사과문입니다요오오오','진짜 사과하고 죄송합니다','2020/01/08','N');
INSERT INTO NOTICE VALUES (50008, '결제오류 사과문입니다요오오오오','진짜 진짜 사과하고 죄송합니다','2020/01/09','N');
INSERT INTO NOTICE VALUES (50009, '결제오류 사과문입니다요오오오오옹','또 진짜 정말 사과하고 죄송합니다','2020/01/10','N');

INSERT INTO "PERSONAL_QNA" VALUES(1000,'배송문의 드려요','택배허브에만 3일짼데 이게 무슨일이당가','M0402077WHM','04','M41','','N','dt077');
INSERT INTO "PERSONAL_QNA" VALUES(1001,'제품이 상했네요', '기쁜마음으로 확인을 했는데 상품이 상해서 제기분도 덩다라 상했어요', 'W0101001BKS', '01', 'M01', '', 'N', 'dt001');
INSERT INTO "PERSONAL_QNA" VALUES(1002,'주문한지 2주남짓 왜 저는 못받았죠?(ㅈㄱㄴ)', 'ㅇㅇ', 'W0103002BLS', '01', 'M13', '', 'N', 'dt002');
INSERT INTO "PERSONAL_QNA" VALUES(1003, '사진이랑 많이 틀리네요', '내돈 내놔 사기아님?', 'W0101003BKL', '01', 'M21', '', 'N', 'dt003');
INSERT INTO "PERSONAL_QNA" VALUES(1004,'님들 그러는거 아니에요', '잘좀 하세여', 'W0101004BKL', '01', 'M32', '', 'N', 'dt004');
INSERT INTO "PERSONAL_QNA" VALUES(1005,'급해요 8282', '옷이 너무 이뻐용 <3<3', 'W0102005WHL', '01', 'M28', '', 'N', 'dt005');
INSERT INTO "PERSONAL_QNA" VALUES(1006,'배송을 기다린지 어언 100만년', '언제오죠?', 'W0105006RDM', '01', 'M41', '', 'N', 'dt006');
INSERT INTO "PERSONAL_QNA" VALUES(1007,'배송 출발하긴 하는거죠...?', '궁금하네연', 'W0105007WHL', '01', 'M51', '', 'N', 'dt007');
INSERT INTO "PERSONAL_QNA" VALUES(1008,'옷 사이즈 문의 드려여', '분명 맞을것같았는데 실착해보니 안맞아여 어카죠?', 'W0102012BLS', '01', 'M62', '', 'N', 'dt012');
INSERT INTO "PERSONAL_QNA" VALUES(1009,'막상 옷을 받아보니깐', '조명빨인가 제가 원하던 색상이 안나오네요 책임지시죠', 'M0401070KHS', '04', 'M72', '', 'N', 'dt070');
INSERT INTO "PERSONAL_QNA" VALUES(1010,'혹시 지금이라도 배송지 바꿀수 있을까요?', '바꿀수 있냐?', 'M0403080BKM', '04', 'M73', '', 'N', 'dt080'); 

INSERT INTO GRADE VALUES ('G1', 'BRONZE', 0.01);
INSERT INTO GRADE VALUES ('G2', 'SILVER', 0.03);
INSERT INTO GRADE VALUES ('G3', 'GOLD', 0.05);

INSERT INTO PAYMENT_INFO VALUES('O1001','20/05/01',NULL,'김혜린','경기도 고양시','01041135999','경비실에 놔주세요',350000,10000,'카드','Y',340000,3500,'M34');
INSERT INTO PAYMENT_INFO VALUES('O1002','20/05/02',NULL,'양서윤','경기도 분당시','01039238455','경비실에 놔주세요',670000,10000,'카드','Y',660000,6700,'M35');
INSERT INTO PAYMENT_INFO VALUES('O1003','20/05/03',NULL,'조한솔','경기도 의정부시','0100341837','경비실에 놔주세요',780000,10000,'카드','Y',770000,7800,'M36');
INSERT INTO PAYMENT_INFO VALUES('O1004','20/05/04',NULL,'오진교','경기도 안양시','01019283789','경비실에 놔주세요',680000,10000,'카드','Y',670000,6800,'M37');
INSERT INTO PAYMENT_INFO VALUES('O1005','20/05/05',NULL,'신희지','경기도 수원시','01041135999','경비실에 놔주세요',770000,10000,'카드','Y',760000,7700,'M01');
INSERT INTO PAYMENT_INFO VALUES('O1006','20/05/06',NULL,'배동곤','경기도 시흥시','01041345454','경비실에 놔주세요',160000,10000,'무통장입금','Y',150000,1600,'M02');
INSERT INTO PAYMENT_INFO VALUES('O1007','20/05/07',NULL,'최상원','서울 테해란로','01012354323','집앞에 놔주세요',220000,20000,'무통장입금','Y',200000,2200,'M04');
INSERT INTO PAYMENT_INFO VALUES('O1008','20/05/08',NULL,'김계연','서울 종로','01054455664','3-5시에 집에있습니다.',380000,30000,'무통장입금','Y',350000,3800,'M07');
INSERT INTO PAYMENT_INFO VALUES('O1009','20/05/09',NULL,'김경섭','경기도 파주시','01041656234','경비실에 놔주세요',490000,40000,'무통장입금','Y',450000,4900,'M09');
INSERT INTO PAYMENT_INFO VALUES('O1010','20/05/10',NULL,'조성균','경기도 안산시','01023435554','경비실에 놔주세요',550000,50000,'무통장입금','Y',500000,5500,'M18');


INSERT INTO POINT VALUES('POINT01','2020/01/01','O1001','구매적립','10000','1');
INSERT INTO POINT VALUES('POINT02','2020/01/02','O1002','구매적립','15000','2');
INSERT INTO POINT VALUES('POINT03','2020/01/03','O1003','구매적립','20000','3');
INSERT INTO POINT VALUES('POINT04','2020/01/04','O1004','구매적립','15000','4');
INSERT INTO POINT VALUES('POINT05','2020/01/05','O1005','구매적립','10000','5');
INSERT INTO POINT VALUES('POINT06','2020/01/06','O1006','구매적립','10000','6');
INSERT INTO POINT VALUES('POINT07','2020/01/07','O1007','구매적립','15000','7');
INSERT INTO POINT VALUES('POINT08','2020/01/08','O1008','구매적립','10000','8');
INSERT INTO POINT VALUES('POINT09','2020/01/09','O1009','구매적립','20000','9');
INSERT INTO POINT VALUES('POINT10','2020/01/10','O1010','구매적립','10000','10');


-- 처리상태 : 주문완료, 결제완료, 배송중, 배송완료

INSERT INTO "ORDER" VALUES('O1001','배송완료','N','60','Y' );
INSERT INTO "ORDER" VALUES('O1002','결제완료','N','61','Y' );
INSERT INTO "ORDER" VALUES('O1003','주문완료','N','62','N' );
INSERT INTO "ORDER" VALUES('O1004','배송중','N','63','Y' );
INSERT INTO "ORDER" VALUES('O1005','배송중','N','64','Y' );
INSERT INTO "ORDER" VALUES('O1006','배송완료','N','65','Y' );
INSERT INTO "ORDER" VALUES('O1007','주문완료','N','66','N' );
INSERT INTO "ORDER" VALUES('O1008','배송중','N','67','Y' );
INSERT INTO "ORDER" VALUES('O1009','주문완료','N','68','N' );
INSERT INTO "ORDER" VALUES('O1010','주문완료','Y','69','N' );

INSERT INTO NO_PASSBOOK VALUES('O1006', '신희지', '우리', 150000);
INSERT INTO NO_PASSBOOK VALUES('O1007', '배동곤', '하나', 200000);
INSERT INTO NO_PASSBOOK VALUES('O1008', '조한솔', '하나', 350000);
INSERT INTO NO_PASSBOOK VALUES('O1009', '조한솔', '농협', 450000);
INSERT INTO NO_PASSBOOK VALUES('O1010', '조한솔', '카카오', 500000);

INSERT INTO "PRODUCT_ORDER" VALUES('M0403080BKM', 'O1001', '04', '1');
INSERT INTO "PRODUCT_ORDER" VALUES('M0401070KHS', 'O1002', '04', '1');
INSERT INTO "PRODUCT_ORDER" VALUES('W0102012BLS', 'O1003', '01', '1');
INSERT INTO "PRODUCT_ORDER" VALUES('W0105007WHL', 'O1004', '01', '1');
INSERT INTO "PRODUCT_ORDER" VALUES('W0105006RDM', 'O1005', '01', '1');
INSERT INTO "PRODUCT_ORDER" VALUES('W0102005WHL', 'O1006', '01', '1');
INSERT INTO "PRODUCT_ORDER" VALUES('W0101004BKL', 'O1007', '01', '1');
INSERT INTO "PRODUCT_ORDER" VALUES('W0101003BKL', 'O1008', '01', '1');
INSERT INTO "PRODUCT_ORDER" VALUES('W0103002BLS', 'O1009', '01', '1');
INSERT INTO "PRODUCT_ORDER" VALUES('W0101001BKS', 'O1010', '01', '1');

-- QNA번호, 회원번호, QNA 제목, QNA 내용, QNA 작성날짜, 상품번호, 브랜드 번호, 답변여부, 관리자답변내용 
INSERT INTO "QNA" VALUES(70000,'M23','팔 길이 문의 입니다.','이 상품 팔 길이가 어떻게 되나요?','2020/04/21','M0702098BKS','07','Y','해당 상품은 팔 길이가 65cm입니다.'); 
INSERT INTO "QNA" VALUES(70001,'M64','상품 리오더 문의 입니다.','이후 리오더 계획이 있으신가요?','2020/04/25','M0701100GNM','07','Y','해당 상품은 리오더 계획이 없습니다.'); 
INSERT INTO "QNA" VALUES(70002,'M12','아더 컬러 문의 입니다.','아더컬러 진행 계획이 있으신가요?','2020/03/20','M0703099BKM','07','Y','아더 컬러 진행 상의 중에 있습니다.'); 
INSERT INTO "QNA" VALUES(70003,'M48','펀딩 조기 마감 문의 입니다.','펀딩이 조기 마감될 시 배송 날짜가 빨라지나요?','2020/04/12','W0105007WHM','07','Y','해당 상품은 팔 길이가 65cm입니다.'); 
INSERT INTO "QNA" VALUES(70004,'M37','마감처리 문의 입니다.','마감처리가 잘 되 있나요?','2020/04/05','W0102012BLS','01','Y','양호한 마감처리를 자랑합니다. 믿고 구매각!'); 
INSERT INTO "QNA" VALUES(70005,'M82','상품 소재 문의 입니다.','소재가 어떻게 되나요?','2020/03/22','W0102005WHL','01','Y','나일론, 폴리, 아크릴 혼방으로 보풀 주의 요망'); 
INSERT INTO "QNA" VALUES(70006,'M27','네크라인이 문의 입니다.','네크라인이 잘 늘어나나요?','2020/02/15','W0101004BKL','01','Y','네크라인 짱짱함'); 
INSERT INTO "QNA" VALUES(70007,'M36','옷의 두께 문의 입니다.','옷이 얇나요?','2020/01/03','W0105006RDM','01','Y','얇은 소재로 여름에 입기 적합합니다.'); 
COMMIT;